"Молитва святым благоверным князьям Петру и Февронии Муромским чудотворцам","<p>О вели&#769;ции уго&#769;дницы Божии и преди&#769;внии чудотво&#769;рцы, благове&#769;рнии кня&#769;же Пе&#769;тре  и княги&#769;не Февро&#769;ние, гра&#769;да Мурома предста&#769;телие и храни&#769;телие, и о всех  нас усерднии ко Господу моли&#769;твенницы! К вам прибегаем и вам с упованием  крепким молимся: вознеси&#769;те о нас, грешных <strong><em>(<u>имена</u>)</em></strong>, святыя  молитвы ваша ко Господу Богу, и испроси&#769;те у благости Его вся  благопотре&#769;бная душа&#769;м и телесе&#769;м нашим: веру пра&#769;ву, надежду бла&#769;гу, любовь  нелицеме&#769;рну, благочестие непоколеби&#769;мо, в добрых де&#769;лех преуспея&#769;ние, мира  умирение, земли плодоно&#769;сие, возду&#769;ха благорастворе&#769;ние, телесе&#769;м здра&#769;вие и  душа&#769;м спасение. Исхода&#769;тайствуйте у Царя Небеснаго Церкви Святе&#769;й и всей  державе Российстей мир, тишину и благоустрое&#769;ние, и всем нам житие&#769;  благополучное и добрую христианскую кончину. Оградите Отечество ваше и  вся гра&#769;ды Российския от всякаго зла; и вся правове&#769;рныя люди, к вам  приходящия и святым моще&#769;м вашим поклоняющиеся, осените благодатным  действом богоприя&#769;тных молитв ваших, и вся прошения их во бла&#769;го  исполните. Ей, чудотворцы святии! Не пре&#769;зрите молитв наших, со умилением  вам дне&#769;сь возносимых, но бу&#769;дите о нас при&#769;снии предста&#769;телие ко Господу, и  сподо&#769;бите нас по&#769;мощию вашею спасение вечное получи&#769;ти и Царствие Небесное  унасле&#769;довати: да славосло&#769;вим неизрече&#769;нное человеколю&#769;бие Отца и Сына и  Святаго Духа, в Троице покланя&#769;емаго Бога, во веки веков. Аминь.</p>"
"Молитва о живых","<p>Спаси, Господи, и помилуй рабов твоих <em><strong>(<u>имена</u>)</strong></em>, и всех православных христиан (<em>поклон</em>). Избави их от всякия скорби, гне&#769;ва и ну&#769;жды (поклон), от всякия болезни душе&#769;вныя и теле&#769;сныя (<em>поклон</em>), Прости им всякое согрешение вольное и невольное (<em>поклон</em>) и душа&#769;м на&#769;шим полезная сотвори&#769; (<em>поклон</em>).</p>"
"Молитвы святой блаженной Матроне Московской","<h2>Молитва 1-я святой Матроне Московской</h2>
<p>О&#769; блаже&#769;нная ма&#769;ти Матро&#769;но, услы&#769;ши и приими&#769; ны&#769;не на&#769;с, гре&#769;шных, моля&#769;щихся тебе&#769;, навы&#769;кшая во все&#769;м житии&#769; твое&#769;м приима&#769;ти и выслу&#769;шивати все&#769;х стра&#769;ждущих и скорбя&#769;щих, с ве&#769;рою и надеждою к твоему заступлению и помощи прибегающих, скорое поможение и чудесное исцеление всем подавающи; да не оскудеет и ныне милосердие твое&#769; к на&#769;м, недосто&#769;йным, мяту&#769;щимся в многосу&#769;етнем ми&#769;ре се&#769;м и нигде&#769;же обрета&#769;ющим утеше&#769;ния и сострада&#769;ния в скорбе&#769;х душе&#769;вных и по&#769;мощи в боле&#769;знех теле&#769;сных: исцели&#769; боле&#769;зни на&#769;ша, изба&#769;ви от искуше&#769;ний и мучи&#769;тельства диа&#769;вола, стра&#769;стно вою&#769;ющаго, помози&#769; донести&#769; жите&#769;йский сво&#769;й Кре&#769;ст, снести&#769; вся&#769; тя&#769;готы жития&#769; и не потеря&#769;ти в не&#769;м о&#769;браз Бо&#769;жий, ве&#769;ру правосла&#769;вную до&#769; конца&#769; дне&#769;й на&#769;ших сохрани&#769;ти, упова&#769;ние и наде&#769;жду на Бо&#769;га кре&#769;пкую име&#769;ти и нелицеме&#769;рную любо&#769;вь к бли&#769;жним; помози&#769; на&#769;м по отше&#769;ствии из жития&#769; сего&#769; дости&#769;гнути Ца&#769;рствия Небе&#769;снаго со&#769; все&#769;ми угоди&#769;вшими Бо&#769;гу, прославля&#769;юще милосе&#769;рдие и бла&#769;гость Отца&#769; Небе&#769;снаго, в Тро&#769;ице сла&#769;вимаго, Отца&#769; и Сы&#769;на и Свята&#769;го Ду&#769;ха, во&#769; ве&#769;ки веко&#769;в. Ами&#769;нь.</p>


<h2>Молитва 2-я святой Матроне Московской</h2>
<p>О, блаженная ма&#769;ти Матро&#769;но, душе&#769;ю на небеси&#769; пред Престо&#769;лом Божиим предстоя&#769;щи, телом же на земли&#769; почива&#769;ющи, и данною ти свыше благода&#769;тию различные чудеса источа&#769;ющи. При&#769;зри ныне ми&#769;лостивным твои&#769;м о&#769;ком на ны (<u><em><strong>имена</strong></em></u>), гре&#769;шныя, в ско&#769;рбех, боле&#769;знех и грехо&#769;вных искуше&#769;ниих дни своя иждива&#769;ющия, уте&#769;ши ны, отча&#769;янныя, исцели неду&#769;ги наши лю&#769;тыя, от Бога нам по грехом нашим попуща&#769;емыя, изба&#769;ви нас от многих бед и обстоя&#769;ний, умоли&#769; Го&#769;спода на&#769;шего Иисуса Христа прости&#769;ти нам вся на&#769;ша согреше&#769;ния, беззако&#769;ния и грехопаде&#769;ния, и&#769;миже мы от юности на&#769;шея да&#769;же до настоя&#769;щаго дне&#769; и ча&#769;са согреши&#769;хом, да твои&#769;ми моли&#769;твами получи&#769;вше благода&#769;ть и ве&#769;лию ми&#769;лость, просла&#769;вим в Тро&#769;ице Еди&#769;ного Бо&#769;га, Отца и Сына, и Свята&#769;го Ду&#769;ха, ны&#769;не и при&#769;сно и во ве&#769;ки веко&#769;в. Аминь. </p>"
"Молитва о болящих","<p>Владыко, Вседержителю, Святы&#769;й Царю&#769;, наказу&#769;яй и не умерщвля&#769;яй, утвержда&#769;яй  низпада&#769;ющыя и возводя&#769;й низверженныя, теле&#769;сныя человеков скорби  исправля&#769;яй, мо&#769;лимся Тебе, Боже наш, раба&#769; Твоего (<u><em><strong>имя</strong></em></u>), немоществу&#769;юща  посети&#769; ми&#769;лостию Твоею, прости ему всякое согреше&#769;ние вольное и нево&#769;льное.  Ей, Господи, враче&#769;бную Твою силу с небесе&#769; низпосли, прикоснися телеси&#769;,  угаси огне&#769;вицу, укроти страсть и всякую немощь тая&#769;щуюся, бу&#769;ди врач раба  Твоего (<u><em><strong>имя</strong></em></u>), воздви&#769;гни его от одра&#769; боле&#769;зненнаго и от ло&#769;жа озлобле&#769;ния  це&#769;ла и всесоверше&#769;нна, дару&#769;й его Церкви Твоей благоугожда&#769;юща и творяща  волю Твою, Твое&#769; бо есть, е&#769;же ми&#769;ловати и спаса&#769;ти ны, Боже наш, и Тебе  славу возсыла&#769;ем, Отцу и Сыну и Святому Духу, ныне и при&#769;сно, и во веки  веков. Аминь.</p>"
"Канон чтомый за болящего","<p style=""text-align: center;""><b>Песнь 1</b></p>
<p><i>Ирмос: </i>Пресекаемое море жезлом древле, Израиль пройде яко по  пустыни, и крестообразно яве предуготовляет стези. Сего ради поим во  хвалении чудному Богу нашему, яко прославися.<br />
<i>Припев: </i><b>Милостиве Господи, услыши молитву раб Твоих, молящихся Тебе.<br />
</b>В  день печали, нашедшия на ны, к Тебе, Христе Спасе, припадающе, Твоея  милости просим. Облегчи болезнь раба Твоего, изреки нам яко и сотнику:  иди, се здрав есть отрок твой.<br />
<i>Припев: </i><b>Милостиве Господи, услыши молитву раб Твоих, молящихся Тебе.<br />
</b>Мольбы  и моления, с воздыханием к Тебе вопием, Сыне Божий, помилуй нас.  Воздвигни со одра лежащаго, яко разслабленнаго словом: возьми одр твой,  глаголя, отпущаются ти греси твои.<br />
<i>Слава: </i>Твоего, Христе,  образа подобию поклоняющеся, верою целуем, и болящему здравия просим,  подражающе кровоточивей, яже подольца риз Твоих коснуся, и исцеление  недуга прият.<br />
<i>И ныне: </i>Пречистая Госпоже Богородице, всем  известная Помощница, не презри нас к Тебе припадающих, моли яко блага  Твоего Сына и Бога нашего, дати здравие болящему, да Тя с нами  прославляет.</p>
<p>&nbsp;</p>
<p style=""text-align: center;""><b>Песнь 3</b></p>
<p><i>Ирмос: </i>Иже от не сущих вся приведый, словом созидаемая, совершаемая духом, Вседержителю Вышний, в любви Твоей утверди мене.<br />
<i>Припев: </i><b>Милостиве Господи, услыши молитву раб Твоих, молящихся Тебе.</b><br />
Иже  от тяжких болезней на земли повержен, к Тебе, Христе, с нами вопиет,  подаждь здравие телеси его, яко же Иезекии плакавшуся к Тебе.<br />
<i>Припев: </i><b>Милостиве Господи, услыши молитву раб Твоих, молящихся Тебе.</b><br />
Призри,  Господи, на наше смирение, и не помяни беззаконий наших, но веры ради  болящаго, яко прокаженнаго словом исцели ему болезнь, да Твое, Христе  Боже, славится имя.<br />
<i>Слава: </i>Церковь, юже еси освятил, на ту,  Христе, не даждь поношения, но воздвигни невидимо в недузе на одре  лежащаго, в нейже молим Ти ся: да не рекут невернии, где есть Бог их.<br />
<i>И ныне: </i>К  Твоему пречистому, Богородице, образу руце воздеюще вопием, услыши раб  Твоих молитву и спаси в болезни лежащаго, да от болезни востав, воздаст  обеты, яже в печали глаголаша уста его.</p>
<p>&nbsp;</p>
<p style=""text-align: center;""><b>Седален, глас 8-й:</b></p>
<p>На одре греховней лежаща мя, и страстьми уязвена, и якоже воздвигл еси  Петрову тещу и спасе разслабленнаго носима со одром, тако и ныне посети,  Милостиве, болящаго, понесый недуги рода нашего. Тебе Единаго вемы,  терпелива и милосерда, милостива Врача душам и телесем, Христа Бога  нашего, наводяща недуги и паки исцеляюща, подавающа прощение кающимся о  согрешениих, Единаго Милосердаго и Милостиваго.<br />
<i>Слава: </i>Аз  грешный плачуся на одре своем лежа, прощение ми подаждь, Христе Боже, и  от болезни сея воздвигни мя, и яже есмь от юности грехи сотворил, избыти  ми сих молитвами Богородицы даруй.<br />
<i>И ныне: </i>Умилосердися и  спаси мя, воздвигни мя от одра болезненнаго, мощь бо моя во мне изнеможе  и весь нечаянием одержим есмь, Мати Божия Пречистая, исцели недугующа  люте, Ты бо еси Помощница Христианом.</p>
<p>&nbsp;</p>
<p style=""text-align: center;""><b>Песнь 4</b></p>
<p><i>Ирмос: </i>Положил еси к нам твердую любовь, Господи: Единороднаго бо  Твоего Сына за ны на смерть дал еси, темже Ти зовем благодаряще: слава  силе Твоей, Господи.<br />
<i>Припев: </i><b>Милостиве Господи, услыши молитву раб Твоих, молящихся Тебе.<br />
</b>Уже  отчаянна лютым недугом и к смерти приближившася, возврати, Христе, на  живот и даждь плачущимся утеху, да вси прославляем Твоя святая чудеса.<br />
<i>Припев: </i><b>Милостиве Господи, услыши молитву раб Твоих, молящихся Тебе.<br />
</b>К  Тебе, Творче, каемся в своих гресех, яко не хощеши смерти грешничи,  оживи, уздрави болящаго, да востав послужит Ти, исповедуя с нами Твою  благость.<br />
<i>Слава: </i>Слезы Манассиины, Ниневитян покаяние,  Давидово исповедание приим, вскоре спасл еси, и наши молитвы ныне  приими, даждь здравие болящему, о нем же Тя молим.<br />
<i>И ныне: </i>Подаждь  нам Твою милость, Госпоже, всегда на Тя надеющимся, испроси здравие  болящему, врачебнии Твои руце с Предтечею, Богородице, ко Господу Богу  простирающи.</p>
<p>&nbsp;</p>
<p style=""text-align: center;""><b>Песнь 5</b></p>
<p><i>Ирмос: </i>На земли Невидимый явился еси, и человеком волею сожил еси Непостижимый, и к Тебе утренююще, воспеваем Тя, Человеколюбче.<br />
<i>Припев: </i><b>Милостиве Господи, услыши молитву раб Твоих, молящихся Тебе.<br />
</b>Дщерь  Иаирову уже умершу, яко Бог оживил еси, и ныне возведи, Христе Боже, от  врат смертных болящаго, Ты бо еси Путь и Живот всем.<br />
<i>Припев: </i><b>Милостиве Господи, услыши молитву раб Твоих, молящихся Тебе.<br />
</b>Сына  вдовича оживив Спасе, и тоя слезы преложив на радость, спаси от недуга  тлеющаго раба Твоего, да и наша скорбь и болезнь на радость приидет.<br />
<i>Слава: </i>Огненну  болезнь тещи Петрове прикосновением Твоим исцелив, и ныне возстави  болящаго раба Твоего, да востав яко Иона, послужит Ти.<br />
<i>И ныне: </i>Скорбнии,  смиреннии, грешнии, не имущии дерзновения к Тебе, Пречистая Богомати,  вопием, умоли Сына Твоего Христа дати болящему здравие телеси.</p>
<p>&nbsp;</p>
<p style=""text-align: center;""><b>Песнь 6</b></p>
<p><i>Ирмос: </i>Бездна последняя грехов обыде мя, и исчезает дух мой: но прострый, Владыко, высокую Твою мышцу, яко Петра мя, Управителю, спаси.<br />
<i>Припев: </i><b>Милостиве Господи, услыши молитву раб Твоих, молящихся Тебе.<br />
</b>Бездну  милосердия и милости имея, Христе Боже, услыши моления раб Твоих. Ты бо  еси Петром Тавифу воскресил, Ты и ныне в болезни лежащаго воздвигни,  послушав церковных молитвенник.<br />
<i>Припев: </i><b>Милостиве Господи, услыши молитву раб Твоих, молящихся Тебе.<br />
</b>Врачу  душам и телесем нашим, понесый недуги всего мира, Христе, и Енея Павлом  исцеливый, Ты и ныне болящаго исцели святых апостол молитвами.<br />
<i>Слава: </i>Преложи,  Христе, на радость рыдание о недужнем скорбящем, да Твою получивше  милость, внидут в дом Твой со обетными дарми, славяще Тя в Троице  Единаго Бога.<br />
<i>И ныне: </i>Приидите, о друзи, поклонимся молящеся о  болящем Божией Матери. Та бо имеет власть недужныя исцеляти, со  безмездникома вкупе, духовным невидимо помазующе маслом.</p>
<p>&nbsp;</p>
<p style=""text-align: center;""><b>Кондак, глас 3-й:</b></p>
<p>Душу мою, Господи, во гресех всяческих, безместными деяньми разслаблену  воздвигни божественным Твоим человеколюбием, яко же и разслабленнаго  воздвигл еси древле, да зову Ти спасаем: щедре Христе, даждь ми  изцеление.</p>
<p>&nbsp;</p>
<p style=""text-align: center;""><b>Икос:</b></p>
<p>Иже руки Своей горстию содержай концы, Иисусе Боже, Иже Отцу  собезначальный и Духу Святому совладычествуя, яко плотию явился еси  недуги исцеляя и страсти очистил еси, слепыя просветил еси, и  разслабленнаго словом Божественным совоставил еси, сего право ходяща  сотворив и одр повелел еси на раму взяти. Темже вси с ним воспеваем и  поем: щедре Христе, даждь ми иcцеление.</p>
<p>&nbsp;</p>
<p style=""text-align: center;""><b>Песнь 7</b></p>
<p><i>Ирмос: </i>Прежде образу златому, персидскому чтилищу отроцы не поклонишася, трие поюще посреде пещи: отцев Боже, благословен еси.<br />
<i>Припев: </i><b>Милостиве Господи, услыши молитву раб Твоих, молящихся Тебе.<br />
</b>О,  Кресте Пресвятый Христов, честное Древо Животное. Тобою смерть погибе и  мертвии воскресоша, и ныне болящаго изцели и оживи, якоже при Елене  умершую девицу.<br />
<i>Припев: </i><b>Милостиве Господи, услыши молитву раб Твоих, молящихся Тебе.<br />
</b>Долгую  и лютую болезнь Иовлю на гноищи и в червех, того молящася, словом  изцелил еси, Господи. И ныне же в церкви о болящем молим Тя: яко благ,  изцели невидимо молитвами святых Твоих.<br />
<i>Слава: </i>Вси вемы, яко  умрети нам есть, Тебе Богу тако изволившу, но на мало время, Милостиве,  здравия просим болящему, премени от смерти на живот, даждь скорбящим  утеху.<br />
<i>И ныне: </i>Пособствуй и помогай нашему сиротству,  Богородице, Ты бо веси время и час, когда умолити Сына Твоего и Бога  нашего, дати болящему здравие и прощение от всех грех.</p>
<p>&nbsp;</p>
<p style=""text-align: center;""><b>Песнь 8</b></p>
<p><i>Ирмос: </i>Служити Живому Богу, в Вавилоне отроцы претерпевше, о  мусикийских органех нерадиша, и посреде пламене стояще, боголепную песнь  воспеваху, глаголюще: благословите вся дела Господня Господа.<br />
<i>Припев: </i><b>Милостиве Господи, услыши молитву раб Твоих, молящихся Тебе.<br />
</b>Милость  покажи, Владыко, в болезни раба Твоего, и скоро изцели, милостиве  Христе Боже, и аще смерти не предаждь судней, да Ти покаяние воздаст.  Сам бо рекл еси: не хощу смерти грешничи.<br />
<i>Припев: </i><b>Милостиве Господи, услыши молитву раб Твоих, молящихся Тебе.<br />
</b>Господи  милостиве, Твоя преславная чудеса да и до нас ныне достигнут: бесы  прожени, недуги погуби, раны изцели, болезни уврачуй, и потворы и  чародеяния и всякия язи избави ны.<br />
<i>Слава: </i>Запретивый, Христе,  морским ветром, и страх ученик на радость преложивый, и ныне запрети  тяжким болезнем, труждающим раба Твоего, да вси возвеселимся хваляща Тя  во веки.<br />
<i>И ныне: </i>Избави, Богородице, от обышедших ны печалей,  различных недуг, отравы же и чародейства, и бесовскаго мечтания, и от  навета злых человек и от напрасныя смерти, молим Ти ся.</p>
<p>&nbsp;</p>
<p style=""text-align: center;""><b>Песнь 9</b></p>
<p><i>Ирмос: </i>На Синайстей горе виде Тя в купине Моисей, неопально огнь  Божества заченшую во чреве: Даниил же Тя виде гору несекомую, жезл  прозябший, Исайа взываше, от корене Давидова.<br />
<i>Припев: </i><b>Милостиве Господи, услыши молитву раб Твоих, молящихся Тебе.<br />
</b>Источниче  жизни, подателю, Христе, милости, не отврати лица Твоего от нас.  Облегчи болезнь утруженому болезнию, и воздвигни яко Фаддеом Авгаря, да  присно Тебе славит со Отцем и Святым Духом.<br />
<i>Припев: </i><b>Милостиве Господи, услыши молитву раб Твоих, молящихся Тебе.<br />
</b>Евангельскому  верующе гласу, Твоего ищем обета, Христе: просите бо, рече, и дастся  вам. Тем и ныне предстояще молим Тя, возстави со одра здрава лютым  повержена недугом, да Тя с нами вкупе величает.<br />
<i>Слава: </i>Мучимый  недугом, внутрь невидимыми ранами, Тебе, Христе, с нами вопиет, не нам,  Господи, не нас ради, вси бо мы исполнены грехов, но Матерними Твоими и  Предтечевыми молитвами даждь исцеление болящему, да Тя вси возвеличим.<br />
<i>И ныне: </i>Божия Мати Пречистая, со всеми святыми призываем Тя, со ангелы и архангелы, с пророки и патриархи,<br />
со апостолы, с преподобными и праведными молися Христу Богу нашему дати здравие болящему, да Тя вси величаем.</p>
<p>&nbsp;</p>
<p style=""text-align: center;""><b>Молитва</b></p>
<p>Боже сильный, милостию строяй вся на спасение роду человеческому, посети раба Твоего сего <i>(<u><strong>имя</strong></u>), </i>нарицающа  имя Христа Твоего, исцели его от всякого недуга плотскаго: и отпусти  грех и греховныя соблазны, и всяку напасть, и всяко нашествие  неприязнено далече сотвори от раба Твоего. И воздвигни от одра  греховнаго, и устрой его во святую Твою Церковь здрава душею и телом, и  делы добрыми славящаго со всеми людьми имя Христа Твоего, яко Тебе славу  возсылаем, со Безначальным Ти Сыном и со Святым Духом, ныне и присно и  во веки веков. Аминь.</p>
<br />
<p>&nbsp;</p>"
"Молитва Богородице о семье","<p>Влады&#769;чице Преблагослове&#769;нная, возьми под Свой покро&#769;в семью мою. Всели в сердца&#769; супру&#769;га моего&#769; (<u><em><strong>имя</strong></em></u>) и чад наших (<u><em><strong>имена</strong></em></u>) мир, любовь и непрекосло&#769;вие всему доброму; не допусти&#769; никого из семьи моей до разлуки и тяжкаго расставания, до преждевре&#769;менныя и внеза&#769;пныя смерти без покая&#769;ния. А дом наш и всех нас, живущих в нем, сохрани от о&#769;гненнаго запале&#769;ния, воровска&#769;го нападе&#769;ния, вся&#769;каго зла&#769;го обстоя&#769;ния, разнаго страхования и диавольскаго наваждения. Да и мы ку&#769;пно и разде&#769;льно, я&#769;вно и сокровенно будем прославлять имя Твое Святое всегда, ны&#769;не и при&#769;сно, и во веки веков. Аминь.</p>"
"Краткая молитва о другом человеке","<p>Господи Иисусе Христе, помилуй (<u><em><strong>имя</strong></em></u>).</p>
<p>&nbsp;</p>
<p>*Данную молитву можно повторять многократно.</p>"
"Мученикам и исповедникам Гурию, Самону и Авиву (молитва об устранении семейных неурядиц)","<p>О, пресла&#769;внии му&#769;ченицы Гу&#769;рие, Само&#769;не и Ави&#769;ве! К вам, яко скорым помо&#769;щникам и те&#769;плым моли&#769;твенникам, мы, не&#769;мощнии и недосто&#769;йнии, прибега&#769;ем, усе&#769;рдно моля&#769;ще: не пре&#769;зрите ны (<u><em><strong>имена</strong></em></u>), во мно&#769;гая беззако&#769;ния впа&#769;дшия и по вся дни и часы согреша&#769;ющия; наста&#769;вите на путь пра&#769;вый заблу&#769;дшия, исцели&#769;те стра&#769;ждущия и скорбя&#769;щия; соблюди&#769;те ны в непоро&#769;чнем и целому&#769;дреннем житии&#769; и якоже дре&#769;вле, тако и ны&#769;не покрови&#769;тели супру&#769;жеств пребу&#769;дите, в любве&#769; и единомы&#769;слии сия&#769; утвержда&#769;юще и от все&#769;х злы&#769;х и бе&#769;дственных обстоя&#769;ний избавля&#769;юще. Защити&#769;те, о многомо&#769;щныя испове&#769;дницы, вся правосла&#769;вныя христиа&#769;ны от напа&#769;стей, злы&#769;х челове&#769;к и ко&#769;зней де&#769;монских; огради&#769;те я от неча&#769;янныя сме&#769;рти, умоля&#769;юще Всеблага&#769;го Го&#769;спода, да вели&#769;кия и бога&#769;тыя ми&#769;лости нам, смире&#769;нным рабо&#769;м Свои&#769;м, проба&#769;вит. Не&#769;смы бо досто&#769;йни нечи&#769;стыми уста&#769;ми призыва&#769;ти великоле&#769;пое имя Создателя на&#769;шего, а&#769;ще не вы, святи&#769;и му&#769;ченицы, за ны хода&#769;таи бу&#769;дете; сего&#769; ради к вам прибегаем и предста&#769;тельства вашего пред Го&#769;сподем о нас про&#769;сим. Та&#769;кожде изба&#769;вите нас от гла&#769;да, пото&#769;па, огня&#769;, меча&#769;, наше&#769;ствия иноплеме&#769;нных, междоусо&#769;бныя бра&#769;ни, смертоно&#769;сныя язвы и вся&#769;каго душепа&#769;губнаго обстоя&#769;ния. Ей, страстоте&#769;рпцы Христовы, устро&#769;йте нам моли&#769;твами вашими вся блага&#769;я и поле&#769;зная, да благочес&#769;тно житие&#769; вре&#769;менное преше&#769;дше и кончи&#769;ну непосты&#769;дну стяжа&#769;вше, удосто&#769;имся те&#769;плым заступле&#769;нием ва&#769;шим со все&#769;ми святы&#769;ми одесну&#769;ю Правосу&#769;днаго Бога Судии&#769; ста&#769;ти, и Того непреста&#769;нно сла&#769;вити со Отце&#769;м и Святы&#769;м Духом во веки. Аминь.</p>"
"Преподобному Силуану Афонскому","<p>О предивный угодниче Божий, отче Силуане! По благодати, тебе от Бога  данной, слезно молитися о всей вселенней &mdash; мертвых, живых и грядущих &mdash;  не премолчи за нас ко Господу, к тебе усердно припадающих и твоего  предстательства умильно просящих (<u><em><strong>имена</strong></em></u>). Подвигни, о всеблаженне, на  молитву Усердную Заступницу рода христианского, Преблагословенную  Богородицу и Приснодеву Марию, чудно призвавшую тя быти верным делателем  в Ея земном вертограде, идеже избранницы Божии о гресех наших милостива  и долготерпелива быти Бога умоляют, во еже не помянута неправд и  беззаконий наших, но по неизреченной благости Господа нашего Иисуса  Христа ущедрити и спасти нас по велицей Его милости. Ей, угодниче Божий,  с Преблагословенною Владычицею мира &mdash; Святейшею Игумениею Афона и  святыми подвижниками Ея земнаго жребия испроси у святых святейшего Слова  святей горе Афонской и боголюбивым пустынножителем ея от всех бед и  наветов вражиих в мире сохранитися. Да Ангелы святыми от зол избавляеми и  Духом Святым в вере и братолюбии укрепляеми, до скончания века о  Единей, Святей, Соборней и Апостольстей Церкви молитвы творят и всем  спасительный путь указуют, да Церковь Земная и Небесная непрестанно  славословит Творца и Отца Светов, просвещающи и освещающи мир в вечной  правде и благости Божией. Народом земли всей испроси благоденственное и  мирное житие, дух смиренномудрия и братолюбия, добронравия и спасения,  дух страха Божия. Да не злоба и беззаконие ожесточают сердца людския,  могущие истребити любовь Божию в человецех и низвергнуть их в  богопротивную вражду и братоубийство, но в силе Божественныя любве и  правды, якоже на небеси и на земли да святится имя Божие, да будет воля  Его святая в человецех, и да воцарится мир и Царствие Божие на земли.  Такожде и земному Отечеству твоему &mdash; земли Российстей испроси, угодниче  Божий, вожделенный мир и небесное благословение, во еже всемощным  омофором Матере Божия покрываему, избавитися ему от глада, губительства,  труса, огня, меча, нашествия иноплеменников и междоусобныя брани и от  всех враг видимых и невидимых, и тако святейшим домом Преблагословенныя  Богородицы до скончания века ему пребыти, Креста Животворящаго силою, и в  любви Божией неоскудеваему утвердитися. Нам же всем, во тьму грехов  погружаемым и покаяния тепла, ниже страха Божия не имущим и сице  безмерно любящаго нас Господа непрестанно оскорбляющим, испроси, о  всеблаженне, у Всещедраго Бога нашего, да Своею Всесильною благодатию  божественне посетит и оживотворит души наша, и всяку злобу и гордость  житейскую, уныние и нерадение в сердцах наших да упразднит. Еще молимся,  о еже и нам, благодатию Всесвятаго Духа укрепляемым и любовию Божию  согреваемым, в человеколюбии и братолюбии, смиренномудренном сраспинании  друг за друга и за всех, в правде Божией утвердитися и в благодатной  любви Божией благонравно укрепитися, и сынолюбне Тому приближитися. Да  тако, творяще Его всясвятую волю, во всяком благочестии и чистоте  временнаго жития путь непостыдно прейдем и со всеми святыми Небеснаго  Царствия и Его Агнчаго брака сподобимся. Ему же от всех земных и  небесных да будет слава, честь и поклонение, со Безначальным Его Отцем,  Пресвятым и Благим и Животворящим Его Духом, ныне и присно и во веки  веков. Аминь.</p>"
"Святителю Иоанну Златоусту","<p>О, святителю великий Иоанне Златоусте! Ты многая и различная дарования  от Господа приял еси, и яко раб благий и верный, вся данныя тебе таланты  добре умножил еси: сего ради воистинну вселенский учитель был еси, яко  всяк возраст и всяко звание от тебе поучается. Се бо отроком послушания  образ явился еси, юным &mdash; целомудрия светило, мужем &mdash; трудолюбия  наставник, старым &mdash; незлобия учитель, иноком &mdash; воздержания правило,  молящимся &mdash; вождь от Бога вдохновенный, мудрости ищущим &mdash; ума  просветитель, витиям доброглаголивым &mdash; слова живаго источник  неисчерпаемый, благотворящим &mdash; милосердия звездо, начальствующим &mdash;  правления мудраго образ, правды ревнителем &mdash; дерзновения вдохновитель,  правды ради гонимым &mdash; терпения наставник: всем вся был еси, да всяко  некия спасеши. Над всеми же сими стяжал еси любовь, яже есть союз  совершенства, и тою, яко силою Божественною, вся дарования в души твоей  во едино совокупил еси, и туюжде любовь разделенная примиряющую, в  толковании словес апостольских всем верным проповедал еси. Мы же  грешнии, по единому кийждо свое дарование имуще, единения духа в союзе  мира не имамы, но бываем тщеславии, друг друга раздражающе, друг другу  завидяще: сего ради дарования наша разделенная не в мир и спасение, но  во вражду и осуждение нам преложишася. Темже к тебе, святителю Божий,  припадаем, раби Божии (<span style=""color: rgb(255, 0, 0);""><u><em><strong>имена</strong></em></u></span>), раздором обуреваеми, и в сокрушении  сердца просим: молитвами твоими отжени от сердец наших всяку гордость и  зависть, нас разделяющии, да во мнозех удех едино тело церковное  невозбранно пребудем, да по словеси твоему молитвенному возлюбим друг  друга и единомыслием исповемы Отца и Сына и Святаго Духа, Троицу  Единосущную и Нераздельную, ныне и присно и во веки веков. Аминь.</p>"
"Святому апостолу и евангелисту Иоанну Богослову","<p>О, великий апостоле, евангелисте громогласный, Богослове изящнейший, тайноведче непостижимых откровений, девственниче и возлюбленнейший наперсниче Христов Иоанне, приими со свойственным тебе милосердием нас, грешных (<span style=""color: rgb(255, 0, 0);""><u><em><strong>имена</strong></em></u></span>), прибегающих под твое сильное заступление и покровительство! Испроси Всещедраго Человеколюбца Христа и Бога нашего, Иже пред очесы твоими излиял еси кровь Свою дражайшую за нас, непотребных рабов Своих, да не помянет беззаконий наших, но да помилует нас, и да сотворит с нами по милости Своей; да дарует нам здравие душевное и телесное, всякое благоденствие и изобилие, научая нас обращати вся оная в славу Его, Творца, Спасителя и Бога нашего. По кончине же временныя жизни нашея да избегнем мы, святый апостоле, немилосердных истязаний, на воздушных мытарствах нас ожидающих, но да достигнем под твоим руководством и покровительством Горняго онаго Иерусалима, егоже славу во откровении ты зрел еси, а ныне наслаждаешися оныя радости, обещанныя избранным Божиим. О, великий Иоанне, сохрани вся грады и страны христианская, весь сию, храм сей, посвященный святому твоему имени, служащих и молящихся в нем, от глада, губительства, труса и потопа, огня, меча, нашествия иноплеменных и междоусобныя брани, избави от всякия беды и напасти, и молитвами твоими отврати от нас праведный гнев Божий, и испроси нам Его милосердие; О, великий и непостижимый Боже, Альфо и Омего, источниче и предмете нашея веры! Се на умоление Тебе предлагаем святаго Иоанна, егоже Ты сподобил еси познати Тебе, неисповедимаго Бога, в неизреченном откровении. Приими его о нас ходатайство даруй нам исполнение прошений наших, во славу Твою: а паче всего соверши нас духовным совершенством, к наслаждению жизни нескончаемыя в Небесных Твоих обителех. О, Небесный Отче, создавый вся Владыко, Душе духов, Всесильный Царю! Коснися перстом Твоим сердец наших, да и они, растаявше, яко воск, пролиются пред Тобою, и бренная тварь духовна сотворится, в честь и славу Отца и Сына и Святаго Духа. Аминь. </p>"
"Молитва о умножении любви","<p><strong>Тропарь, глас 4 </strong><br />
Союзом любве апостолы Твоя связавый, Христе, и нас Твоих верных рабов к Себе тем крепко связав, творити заповеди Твоя и друг друга любити нелицемерно сотвори, молитвами Богородицы, едине Человеколюбче.   </p>
<p><strong>Кондак, глас 5 </strong><br />
Пламенем любве распали к Тебе сердца наша, Христе Боже, да тою разжизаеми, сердцем, мыслию же и душею, и всею крепостию нашею возлюбим Тя, и искренняго своего яко себе, и повеления Твоя храняше славим Тя, всех благ Дателя.</p>"
"Молитва за всякого усопшего","Помяни, Господи Боже наш, в вере и надежди живота вечнаго преставльшагося раба Твоего, брата нашего (<span style=""color: rgb(0, 0, 0);""><em><strong>имя</strong></em></span>), яко Благ и Человеколюбец, отпущаяй грехи и потребляяй неправды, ослаби, остави и прости вся вольная его согрешения и невольная, избави его вечныя муки и огня геенскаго, и даруй ему причастие и наслаждение вечных Твоих благих, уготованных любящым Тя: аще бо и согреши, но не отступи от Тебе, и несумненно во Отца и Сына и Святаго Духа, Бога Тя в Троице славимаго, верова, и Единицу в Троицу и Троицу в Единстве православно даже до последняго своего издыхания исповеда. Темже милостив тому буди, и веру яже в Тя вместо дел вмени, и со святыми Твоими яко Щедр упокой: несть бо человека, иже поживет и не согрешит. Но Ты Един еси кроме всякаго греха, и правда Твоя правда во веки, и Ты еси Един Бог милостей и щедрот, и человеколюбия, и Тебе славу возсылаем, Отцу и Сыну и Святому Духу, ныне и присно и во веки веков. Аминь."
"Молитвы утренние","<p><i><sup><a id=""fnm1"" href=""#fn1"">[1]</a></sup>Востав  от сна, прежде всякого другого дела, стань благоговейно, представляя  себя пред Всевидящим Богом, и, совершая крестное знамение, произнеси:</i></p>
<p>&nbsp;</p>
Во имя Отца, и Сына, и Святаго Духа, Аминь.<br />
<p>&nbsp;</p>
<i>Затем немного подожди, пока все чувства твои не придут в тишину и  мысли твои не оставят все земное, и тогда произноси следующие молитвы,  без поспешности и со вниманием сердечным:</i>
<p>&nbsp;</p>
<p><b>Молитва мытаря</b><i><br />
(Евангелие от Луки, глава 18, стих 13)  </i></p>
Боже, милостив буди мне грешному. <i>(Поклон)</i>
<p>&nbsp;</p>
<b>Молитва предначинательная</b><br />
Господи Иисусе Христе, Сыне Божий, молитв ради Пречистыя Твоея Матере и всех святых, помилуй нас. Аминь. Слава Тебе, Боже наш, слава Тебе.<br />
<p>&nbsp;</p>
<b>Молитва Святому Духу</b><br />
Царю Небесный, Утешителю, Душе истины, Иже везде сый и вся исполняяй,  Сокровище благих и жизни Подателю, прииди и вселися в ны, и очисти ны от  всякия скверны, и спаси, Блаже, души наша<sup><a id=""fnm2"" href=""#fn2"">[2]</a></sup>.
<p>&nbsp;</p>
<b>Трисвятое</b><br />
Святый Боже, Святый Крепкий, Святый Безсмертный, помилуй нас. <i>(Читается трижды, с крестным знамением и поясным поклоном.) </i> Слава Отцу и Сыну и Святому Духу, и ныне и присно и во веки веков. Аминь.<br />
<p>&nbsp;</p>
<b>Молитва ко Пресвятой Троице</b><br />
Пресвятая Троице, помилуй нас; Господи, очисти грехи наша; Владыко,  прости беззакония наша; Святый, посети и исцели немощи наша, имене  Твоего ради. Господи, помилуй. <i>(Трижды)</i>. Слава Отцу и Сыну и Святому Духу, и ныне и присно и во веки веков. Аминь<sup><a id=""fnm3"" href=""#fn3"">[3]</a></sup>.
<p>&nbsp;</p>
<b>Молитва Господня</b><br />
Отче наш, Иже еси на небесех! Да святится имя Твое, да приидет Царствие  Твое, да будет воля Твоя, яко на небеси и на земли. Хлеб наш насущный  даждь нам днесь; и остави нам долги наша, якоже и мы оставляем должником  нашим; и не введи нас во искушение, но избави нас от лукаваго.<br />
<p>&nbsp;</p>
<b>Тропари Троичные</b><br />
Воставше от сна, припадаем Ти, Блаже, и ангельскую песнь вопием Ти,  Сильне: Свят, Свят, Свят еси, Боже, Богородицею помилуй нас. Слава: От одра и сна воздвигл мя еси, Господи, ум мой просвети и сердце,  и устне мои отверзи, во еже пети Тя, Святая Троице: Свят, Свят, Свят  еси, Боже, Богородицею помилуй нас.  <br />
И ныне: Внезапно Судия приидет, и коегождо деяния обнажатся, но страхом зовем<sup><a id=""fnm4"" href=""#fn4"">[4]</a></sup> в полунощи: Свят, Свят, Свят еси, Боже, Богородицею помилуй нас. Господи, помилуй. <i>(12 раз)</i>
<p>&nbsp;</p>
<b>Молитва ко Пресвятой Троице</b><br />
От сна востав, благодарю Тя, Святая Троице, яко многия ради Твоея  благости и долготерпения не прогневался еси на мя, лениваго и грешнаго,  ниже погубил мя еси со беззаконьми моими; но человеколюбствовал еси  обычно и в нечаянии лежащаго воздвигл мя еси, во еже утреневати и  славословити державу Твою. И ныне просвети мои очи мысленныя, отверзи  моя уста поучатися словесем Твоим, и разумети заповеди Твоя, и творити  волю Твою, и пети Тя во исповедании сердечнем, и воспевати всесвятое имя  Твое, Отца и Сына и Святаго Духа, ныне и присно и во веки веков. Аминь.<br />
Приидите, поклонимся Цареви нашему Богу. <i>(Поклон)</i><br />
Приидите, поклонимся и припадем Христу, Цареви нашему Богу. <i>(Поклон)</i> <br />
Приидите, поклонимся и припадем Самому Христу, Цареви и Богу нашему. <i>(Поклон)</i>
<p>&nbsp;</p>
<b>Псалом 50</b><br />
Помилуй мя, Боже, по велицей милости Твоей, и по множеству щедрот Твоих  очисти беззаконие мое. Наипаче омый мя от беззакония моего, и от греха  моего очисти мя; яко беззаконие мое аз знаю, и грех мой предо мною есть  выну. Тебе Единому согреших и лукавое пред Тобою сотворих, яко да  оправдишися во словесех Твоих, и победиши внегда судити Ти. Се бо, в  беззакониих зачат есмь, и во гресех роди мя мати моя. Се бо, истину  возлюбил еси; безвестная и тайная премудрости Твоея явил ми еси.  Окропиши мя иссопом, и очищуся; омыеши мя, и паче снега убелюся. Слуху  моему даси радость и веселие; возрадуются кости смиренныя. Отврати лице  Твое от грех моих и вся беззакония моя очисти. Сердце чисто созижди во  мне, Боже, и дух прав обнови во утробе моей. Не отвержи мене от лица  Твоего и Духа Твоего Святаго не отыми от мене. Воздаждь ми радость  спасения Твоего и Духом владычним утверди мя. Научу беззаконыя путем  Твоим, и нечестивии к Тебе обратятся. Избави мя от кровей, Боже, Боже  спасения моего; возрадуется язык мой правде Твоей. Господи, устне мои  отверзеши, и уста моя возвестят хвалу Твою. Яко аще бы восхотел еси  жертвы, дал бых убо: всесожжения не благоволиши. Жертва Богу дух  сокрушен; сердце сокрушенно и смиренно Бог не уничижит. Ублажи, Господи,  благоволением Твоим Сиона, и да созиждутся стены Иерусалимския. Тогда  благоволиши жертву правды, возношение и всесожегаемая; тогда возложат на  oлтарь Твой тельцы.
<p>&nbsp;</p>
<b>Символ веры</b><br />
Верую во единаго Бога Отца, Вседержителя, Творца небу и земли, видимым  же всем и невидимым.   И во единаго Господа Иисуса Христа, Сына Божия, Единороднаго, Иже от  Отца рожденнаго прежде всех век; Света от Света, Бога истинна от Бога  истинна, рожденна, несотворенна, единосущна Отцу, Имже вся быша.   Нас ради человек и нашего ради спасения сшедшаго с небес и  воплотившагося от Духа Свята и Марии Девы и вочеловечшася.   Распятаго же за ны при Понтийстем Пилате, и страдавша, и погребенна.   И воскресшаго в третий день по Писанием.   И возшедшаго на небеса, и седяща одесную Отца.   И паки грядущаго со славою судити живым и мертвым, Егоже Царствию не  будет конца.   И в Духа Святаго, Господа, Животворящаго, Иже от Отца исходящего, Иже  со Отцем и Сыном спокланяема и сславима, глаголавшаго пророки.   Во едину Святую, Соборную и Апостольскую Церковь.   Исповедую едино крещение во оставление грехов.   Чаю воскресения мертвых, и жизни будущаго века. Аминь.
<p>&nbsp;</p>
<b>Молитва первая, святого Макария Великого</b> Боже, очисти мя грешнаго, яко николиже сотворих благое пред Тобою; но  избави мя от лукаваго, и да будет во мне воля Твоя, да неосужденно  отверзу уста моя недостойная и восхвалю имя Твое святое, Отца и Сына и  Святаго Духа, ныне и присно и во веки веков Аминь.
<p>&nbsp;</p>
<b> Молитва вторая, того же святого</b><br />
От сна востав, полунощную песнь приношу Ти, Спасе, и припадая вопию Ти:  не даждь ми уснути во греховней смерти, но ущедри мя, распныйся волею, и  лежащаго мя в лености ускорив возстави, и спаси мя в предстоянии и  молитве, и по сне нощнем возсияй ми день безгрешен, Христе Боже, и спаси  мя.
<p>&nbsp;</p>
<b>Молитва третья, того же святого</b><br />
К Тебе, Владыко Человеколюбче, от сна востав прибегаю, и на дела Твоя  подвизаюся милосердием Твоим, и молюся Тебе: помози ми на всякое время,  во всякой вещи, и избави мя от всякия мирския злыя вещи и диавольскаго  поспешения, и спаси мя, и введи в Царство Твое вечное. Ты бо еси мой  Сотворитель и всякому благу Промысленник и Податель, о Тебе же все  упование мое, и Тебе славу возсылаю, ныне и присно и во веки веков.  Аминь.
<p>&nbsp;</p>
<b>Молитва четвертая, того же святого</b><br />
Господи, Иже многою Твоею благостию и великими щедротами Твоими дал еси  мне, рабу Твоему, мимошедшее время нощи сея без напасти прейти от  всякаго зла противна; Ты Сам, Владыко, всяческих Творче, сподоби мя  истинным Твоим светом и просвещенным сердцем творити волю Твою, ныне и  присно и во веки веков. Аминь.<br />
<p>&nbsp;</p>
<b>Молитва пятая, святого Василия Великого</b><br />
Господи Вседержителю, Боже сил и всякия плоти, в вышних живый и на  смиренныя призираяй, сердца же и утробы испытуяй и сокровенная человеков  яве предведый, Безначальный и Присносущный Свете, у Него же несть  пременение, или преложения осенение; Сам, Безсмертный Царю, приими  моления наша, яже в настоящее время, на множество Твоих щедрот дерзающе,  от скверных к Тебе устен творим, и остави нам прегрешения наша, яже  делом, и словом, и мыслию, ведением, или неведением согрешенная нами; и  очисти ны от всякия скверны плоти и духа. И даруй нам бодренным сердцем и  трезвенною мыслию всю настоящаго жития нощь прейти, ожидающим  пришествия светлаго и явленнаго дне Единороднаго Твоего Сына, Господа и  Бога и Спаса нашего Иисуса Христа, в оньже со славою Судия всех приидет,  комуждо отдати по делом его; да не падше и обленившеся, но бодрствующе и  воздвижени в делание обрящемся готови, в радость и Божественный чертог  славы Его совнидем, идеже празднующих глас непрестанный, и неизреченная  сладость зрящих Твоего лица доброту неизреченную. Ты бо еси истинный  Свет, просвещаяй и освящаяй всяческая, и Тя поет вся тварь во веки  веков. Аминь.
<p>&nbsp;</p>
<b>Молитва шестая, того же святого</b><br />
Тя благословим, вышний Боже и Господи милости, творящаго присно с нами  великая же и неизследованная, славная же и ужасная, ихже несть числа,  подавшаго нам сон во упокоение немощи нашея, и ослабление трудов  многотрудныя плоти. Благодарим Тя, якo не погубил еси нас со беззаконьми  нашими, но человеколюбствовал еси обычно, и в нечаянии лежащия ны  воздвигл еси, во еже славословити державу Твою. Темже молим безмерную  Твою благость, просвети наша мысли, очеса, и ум наш от тяжкаго сна  лености возстави: отверзи наша уста, и исполни я Твоего хваления, яко да  возможем непоколеблемо пети же и исповедатися Тебе, во всех, и от всех  славимому Богу, Безначальному Отцу, со Единородным Твоим Сыном, и  Всесвятым и Благим и Животворящим Твоим Духом, ныне и присно и во веки  веков. Аминь.
<p>&nbsp;</p>
<b>Молитва седьмая, ко Пресвятой Богородице</b><br />
Воспеваю благодать Твою, Владычице, молю Тя, ум мой облагодати. Ступати  право мя настави, путем Христовых заповедей. Бдети к песни укрепи,  уныния сон отгоняющи. Связана пленицами грехопадений, мольбами Твоими  разреши, Богоневесто. В нощи мя и во дни сохраняй, борющих враг  избавляющи мя. Жизнодателя Бога рождшая, умерщвлена мя страстьми оживи.  Яже Свет невечерний рождшая, душу мою ослепшую просвети. О дивная  Владычня палато, дом Духа Божественна мене сотвори. Врача рождшая,  уврачуй души моея многолетныя страсти. Волнующася житейскою бурею, ко  стези мя покаяния направи. Избави мя огня вечнующаго, и червия же злаго,  и тартара. Да мя не явиши бесом радование, иже многим грехом повинника.  Нова сотвори мя, обетшавшаго нечувственными, Пренепорочная, согрешении.  Странна муки всякия покажи мя, и всех Владыку умоли. Небесная ми  улучити веселия, со всеми святыми, сподоби. Пресвятая Дево, услыши глас  непотребнаго раба Твоего. Струю давай мне слезам, Пречистая, души моея  скверну очищающи. Стенания от сердца приношу Ти непрестанно, усердствуй,  Владычице. Молебную службу мою приими, и Богу благоутробному принеси.  Превышшая Ангел, мирскаго мя превышша слития сотвори. Светоносная Сене  небесная, духовную благодать во мне направи. Руце воздею и устне к  похвалению, осквернены скверною, Всенепорочная. Душетленных мя пакостей  избави, Христа прилежно умоляющи; Емуже честь и поклонение подобает,  ныне и присно и во веки веков. Аминь.
<p>&nbsp;</p>
<b>Молитва восьмая, ко Господу нашему Иисусу Христу</b> Многомилостиве и Всемилостиве Боже мой, Господи Иисусе Христе, многия  ради любве сшел и воплотился еси, яко да спасеши всех. И паки, Спасе,  спаси мя по благодати, молю Тя; аще бо от дел спасеши мя, несть се  благодать, и дар, но долг паче. Ей, многий в щедротах и неизреченный в  милости! Веруяй бо в Мя, рекл еси, о Христе мой, жив будет и не узрит  смерти во веки. Аще убо вера, яже в Тя, спасает отчаянныя, се верую,  спаси мя, яко Бог мой еси Ты и Создатель. Вера же вместо дел да вменится  мне, Боже мой, не обрящеши бо дел отнюд оправдающих мя. Но та вера моя  да довлеет вместо всех, та да отвещает, та да оправдит мя, та да покажет  мя причастника славы Твоея вечныя. Да не убо похитит мя сатана, и  похвалится, Слове, еже отторгнути мя от Твоей руки и ограды; но или  хощу, спаси мя, или не хощу, Христе Спасе мой, предвари скоро, скоро  погибох: Ты бо еси Бог мой от чрева матере моея. Сподоби мя, Господи,  ныне возлюбити Тя, якоже возлюбих иногда той самый грех; и паки  поработати Тебе без лености тощно, якоже поработах прежде сатане  льстивому. Наипаче же поработаю Тебе, Господу и Богу моему Иисусу  Христу, во вся дни живота моего, ныне и присно и во веки веков. Аминь.
<p>&nbsp;</p>
<b>Молитва девятая, к Ангелу хранителю</b><br />
Святый Ангеле, предстояй окаянной моей души и страстной моей жизни, не  остави мене грешнаго, ниже отступи от мене за невоздержание мое. Не  даждь места лукавому демону обладати мною, насильством смертнаго сего  телесе; укрепи бедствующую и худую мою руку и настави мя на путь  спасения. Ей, святый Ангеле Божий, хранителю и покровителю окаянныя моея  души и тела, вся мне прости, еликими тя оскорбих во вся дни живота  моего, и аще что согреших в прешедшую нощь сию, покрый мя в настоящий  день, и сохрани мя от всякаго искушения противнаго, да ни в коем гресе  прогневаю Бога, и молися за мя ко Господу, да утвердит мя в страсе  Своем, и достойна покажет мя раба Своея благости. Аминь.
<p>&nbsp;</p>
<b>Молитва десятая, ко Пресвятой Богородице</b><br />
Пресвятая Владычице моя Богородице, святыми Твоими и всесильными  мольбами отжени от мене, смиреннаго и окаяннаго раба Твоего, уныние,  забвение, неразумие, нерадение, и вся скверная, лукавая и хульная  помышления от окаяннаго моего сердца и от помраченнаго ума моего; и  погаси пламень страстей моих, яко нищ есмь и окаянен. И избави мя от  многих и лютых воспоминаний и предприятий, и от всех действ злых свободи  мя. Яко благословена еси от всех родов, и славится пречестное имя Твое  во веки веков. Аминь.
<p>&nbsp;</p>
<b>Молитвенное призывание святого, имя которого носишь</b><br />
Моли Бога о мне, святый угодниче Божий <i>(имя)</i>, яко аз усердно к тебе прибегаю, скорому помощнику и молитвеннику о душе моей.
<p>&nbsp;</p>
<b>Песнь Пресвятой Богородице</b><br />
Богородице Дево, радуйся, Благодатная Марие, Господь с Тобою;  благословена Ты в женах и благословен плод чрева Твоего, яко Спаса  родила еси душ наших.
<p>&nbsp;</p>
<b>Тропарь Кресту и молитва за отечество<br />
</b>Спаси, Господи, люди Твоя, и благослови достояние Твое, победы  православным христианом на сопротивныя даруя, и Твое сохраняя Крестом  Твоим жительство.
<p>&nbsp;</p>
<b>Молитва о живых<br />
</b>Спаси, Господи, и помилуй отца моего духовнаго <i>(имя)</i>, родителей моих <i>(имена)</i>, сродников <i>(имена)</i>, начальников, наставников, благодетелей <i>(имена их)</i> и всех православных христиан.
<p>&nbsp;</p>
<b>Молитва о усопших</b><br />
Упокой, Господи, души усопших раб Твоих: родителей моих, сродников,  благодетелей (имена их), и всех православных христиан, и прости им вся  согрешения вольная и невольная, и даруй им Царствие Небесное.  <i>Если можешь, читай вместо кратких молитв о живых и усопших этот помянник:</i>
<p>&nbsp;</p>
<b>О живых<br />
</b>Помяни, Господи Иисусе Христе, Боже наш, милости и щедроты Твоя от  века сущия, ихже ради и вочеловечился еси, и распятие и смерть, спасения  ради право в Тя верующих, претерпети изволил еси; и воскрес из мертвых,  вознеслся еси на небеса и седиши одесную Бога Отца, и призираеши на  смиренныя мольбы всем сердцем призывающих Тя: приклони ухо Твое, и  услыши смиренное моление мене, непотребнаго раба Твоего, в воню  благоухания духовнаго, Тебе за вся люди Твоя приносящаго. И в первых  помяни Церковь Твою Святую, Соборную и Апостольскую, юже снабдел еси  честною Твоею Кровию, и утверди, и укрепи, и разшири, умножи, умири, и  непреобориму адовыми враты во веки сохрани; раздирания Церквей утиши,  шатания языческая угаси, и ересей востания скоро разори и искорени, и в  ничтоже силою Святаго Твоего Духа обрати. <i>(Поклон)</i>  Спаси, Господи, и помилуй Богом хранимую страну нашу, власти и воинство  ея, огради миром державу их, и покори под нозе Православных всякаго  врага и супостата, и глаголи мирная и благая в сердцах их о Церкви Твоей  Святей, и о всех людех Твоих: да тихое и безмолвное житие поживем во  правоверии, и во всяком благочестии и чистоте. <i>(Поклон)</i>  Спаси, Господи, и помилуй Великаго Господина и Отца нашего Святейшего  Патриарха Кирилла, преосвященныя митрополиты, архиепископы и епископы  православныя, иереи же и диаконы, и весь причет церковный, яже поставил  еси пасти словесное Твое стадо, и молитвами их помилуй и спаси мя  грешнаго. <i>(Поклон)</i>  Спаси, Господи, и помилуй отца моего духовнаго <i>(имя его)</i>, и святыми его молитвами прости моя согрешения. <i>(Поклон)</i>  Спаси, Господи, и помилуй родители моя <i>(имена их)</i>, братию и сестры, и сродники моя по плоти, и вся ближния рода моего, и други, и даруй им мирная Твоя и премирная благая. <i>(Поклон)</i>   Спаси, Господи, и помилуй по множеству щедрот Твоих вся священноиноки,  иноки же и инокини, и вся в девстве же и благоговении и постничестве  живущия в монастырех, в пустынях, в пещерах, горах, столпех, затворех,  разселинах каменных, островех же морских, и на всяком месте владычествия  Твоего правоверно живущия, и благочестно служащия Ти, и молящияся Тебе:  облегчи им тяготу, и утеши их скорбь, и к подвигу о Тебе силу и  крепость им подаждь, и молитвами их даруй ми оставление грехов. <i>(Поклон)</i>   Спаси, Господи, и помилуй старцы и юныя, нищия и сироты и вдовицы, и  сущия в болезни и в печалех, бедах же и скорбех, обстояниих и пленениих,  темницах же и заточениих, изряднее же в гонениих, Тебе ради и веры  православныя, от язык безбожных, от отступник и от еретиков, сущия рабы  Твоя, и помяни я, посети, укрепи, утеши, и вскоре силою Твоею ослабу,  свободу и избаву им подаждь. <i>(Поклон) </i> Спаси, Господи, и помилуй благотворящия нам, милующия и питающия нас,  давшия нам милостыни, и заповедавшия нам недостойным молитися о них, и  упокоевающия нас, и сотвори милость Твою с ними, даруя им вся, яже ко  спасению прошения, и вечных благ восприятие. <i>(Поклон)</i>  Спаси, Господи, и помилуй посланныя в службу, путешествующия, отцы и братию нашу, и вся православныя христианы. <i>(Поклон)</i> Спаси, Господи, и помилуй ихже аз безумием моим соблазних, и от пути  спасительнаго отвратих, к делом злым и неподобным приведох; Божественным  Твоим Промыслом к пути спасения паки возврати. <i>(Поклон) </i> Спаси, Господи, и помилуй ненавидящия и обидящия мя, и творящия ми напасти, и не остави их погибнути мене ради, грешнаго. <i>(Поклон)</i> Отступившия от православныя веры и погибельными ересьми ослепленныя,  светом Твоего познания просвети и Святей Твоей Апостольстей Соборней  Церкви причти. <i>(Поклон) </i>
<p>&nbsp;</p>
<b>О усопших<br />
</b>Помяни, Господи, от жития сего отшедшия правоверныя цари и царицы,  благоверныя князи и княгини, святейшия патриархи, преосвященныя  митрополиты, архиепископы и епископы православныя, во иерейстем же и в  причте церковнем, и монашестем чине Тебе послужившия, и в вечных Твоих  селениих со святыми упокой. <i>(Поклон.)</i>  Помяни, Господи, души усопших рабов Твоих, родителей моих <i>(имена их)</i>,  и всех сродников по плоти; и прости их вся согрешения вольная и  невольная, даруя им Царствие и причастие вечных Твоих благих и Твоея  безконечныя и блаженныя жизни наслаждение. <i>(Поклон) </i> Помяни, Господи, и вся в надежди воскресения и жизни вечныя усопшия,  отцы и братию нашу, и сестры, и зде лежащия и повсюду, православныя  христианы, и со святыми Твоими, идеже присещает свет лица Твоего, всели,  и нас помилуй, яко Благ и Человеколюбец. Аминь. <i>(Поклон) </i> Подаждь, Господи, оставление грехов всем прежде отшедшим в вере и  надежди воскресения, отцем, братиям и сестрам нашим и сотвори им вечную  память. <i>(Трижды)</i>
<p>&nbsp;</p>
<b> Окончание молитв<br />
</b>Достойно есть яко воистину блажити Тя Богородицу, Присноблаженную и  Пренепорочную и Матерь Бога нашего. Честнейшую Херувим и славнейшую без  сравнения Серафим, без истления Бога Слова рождшую, сущую Богородицу Тя  величаем<sup><a id=""fnm5"" href=""#fn5"">[5]</a></sup>.  Слава, и ныне: Господи, помилуй. (Трижды) Господи, Иисусе Христе, Сыне  Божий, молитв ради Пречистыя Твоея Матере, преподобных и богоносных отец  наших и всех святых помилуй нас. Аминь.
<p>&nbsp;</p>
<p><b>Примечания</b><br />
<sup><a id=""fn1"" href=""#fnm1"">[1]</a></sup> Напечатанное курсивом (<i>пояснения</i> и <b>названия молитв</b>) не читается во время молитвы.<br />
<sup><a id=""fn2"" href=""#fnm2"">[2]</a></sup>  От Пасхи до Вознесения вместо этой молитвы читается тропарь: &laquo;Христос  воскресе из мертвых, смертию смерть поправ, и сущим во гробех живот  даровав&raquo;. (Трижды) От Вознесения до Троицы начинаем молитвы со &laquo;Святый  Боже...&raquo;, опуская все предшествующие.  Это замечание относится и к молитвам на сон грядущим.<br />
<sup><a id=""fn3"" href=""#fnm3"">[3]</a></sup>Когда  написано &laquo;Слава&raquo;, &laquo;И ныне&raquo;, надо читать полностью: &laquo;Слава Отцу и Сыну и  Святому Духу&raquo;, &laquo;И ныне и присно и во веки веков. Аминь&raquo;<br />
<sup><a id=""fn4"" href=""#fnm4"">[4]</a></sup>В  церковнославянском языке нет звука ё, а поэтому надо читать &laquo;зовем&raquo;, а  не &laquo;зовём&raquo;, &laquo;твое&raquo;, а не &laquo;твоё&raquo;, &laquo;мое&raquo;, а не &laquo;моё&raquo; и т.д. <br />
<sup><a id=""fn5"" href=""#fnm5"">[5]</a></sup>От Пасхи до Вознесения вместо этой молитвы читается припев и ирмос 9-й песни пасхального канона: <br />
&laquo;Ангел вопияше Благодатней: Чистая Дево, радуйся! И паки реку: радуйся!  Твой Сын воскресе тридневен от гроба и мертвыя воздвигнувый; людие,  веселитеся!  Светися, светися, новый Иерусалиме, слава бо Господня на тебе возсия.  Ликуй ныне и веселися, Сионе. Ты же, Чистая, красуйся, Богородице, о  востании Рождества Твоего&raquo;.<br />
Это замечание относится и к вечерним молитвам.</p>"
"Молитвы на сон грядущим","<p>Во имя Отца, и Сына, и Святаго Духа. Аминь.<br />
Господи Иисусе Христе, Сыне Божий, молитв ради Пречистыя Твоея Матере,  преподобных и богоносных отец наших и всех святых, помилуй нас. Аминь.<br />
Слава Тебе, Боже наш, слава Тебе.<br />
Царю Небесный, Утешителю, Душе истины, Иже везде сый и вся исполняяй,  Сокровище благих и жизни Подателю, прииди и вселися в ны, и очисти ны от  всякия скверны, и спаси, Блаже, души наша.<br />
Святый Боже, Святый Крепкий, Святый Безсмертный, помилуй нас.<i> (Трижды)</i><br />
Слава Отцу и Сыну и Святому Духу, и ныне и присно и во веки веков. Аминь.<br />
Пресвятая Троице, помилуй нас; Господи, очисти грехи наша; Владыко,  прости беззакония наша; Святый, посети и исцели немощи наша, имене  Твоего ради.<br />
Господи, помилуй. <i>(Трижды)</i><br />
Слава Отцу и Сыну и Святому Духу, и ныне и присно и во веки веков. Аминь.<br />
<br />
Отче наш, Иже еси на небесех! Да святится имя Твое, да приидет Царствие  Твое, да будет воля Твоя, яко на небеси и на земли. Хлеб наш насущный  даждь нам днесь; и остави нам долги наша, якоже и мы оставляем должником  нашим; и не введи нас во искушение, но избави нас от лукаваго.</p>
<p>&nbsp;</p>
<b>Тропари</b><br />
Помилуй нас, Господи, помилуй нас; всякаго бо ответа недоумеюще, сию Ти молитву яко Владыце грешнии приносим: помилуй нас.<br />
Слава: Господи, помилуй нас, на Тя бо уповахом; не прогневайся на ны  зело, ниже помяни беззаконий наших, но призри и ныне яко благоутробен, и  избави ны от враг наших; Ты бо еси Бог наш, и мы людие Твои, вси дела  руку Твоею, и имя Твое призываем.<br />
И ныне: Милосердия двери отверзи нам, благословенная Богородице,  надеющиися на Тя да не погибнем, но да избавимся Тобою от бед: Ты бо еси  спасение рода христианскаго.<br />
Господи, помилуй. <i>(12 раз)</i>
<p>&nbsp;</p>
<b>Молитва 1-я, святого Макария Великого, к Богу Отцу</b><br />
Боже вечный и Царю всякаго создания, сподобивый мя даже в час сей  доспети, прости ми грехи, яже сотворих в сей день делом, словом и  помышлением, и очисти, Господи, смиренную мою душу от всякия скверны  плоти и духа. И даждь ми, Господи, в нощи сей сон прейти в мире, да  востав от смиреннаго ми ложа, благоугожду пресвятому имени Твоему, во  вся дни живота моего, и поперу борющия мя враги плотския и безплотныя. И  избави мя, Господи, от помышлений суетных, оскверняющих мя, и похотей  лукавых. Яко Твое есть царство, и сила и слава, Отца и Сына и Святаго  Духа, ныне и присно и во веки веков. Аминь.
<p>&nbsp;</p>
<b>Молитва 2-я, святого Антиоха, ко Господу нашему Иисусу Христу</b><br />
Вседержителю, Слово Отчее, Сам совершен сый, Иисусе Христе, многаго ради  милосердия Твоего никогдаже отлучайся мене, раба Твоего, но всегда во  мне почивай. Иисусе, добрый Пастырю Твоих овец, не предаждь мене крамоле  змиине, и желанию сатанину не остави мене, яко семя тли во мне есть. Ты  убо, Господи Боже покланяемый, Царю Святый, Иисусе Христе, спяща мя  сохрани немерцающим светом, Духом Твоим Святым, Имже освятил еси Твоя  ученики. Даждь, Господи, и мне, недостойному рабу Твоему, спасение Твое  на ложи моем: просвети ум мой светом разума святаго Евангелия Твоего,  душу любовию Креста Твоего, сердце чистотою словесе Твоего, тело мое  Твоею страстию безстрастною, мысль мою Твоим смирением сохрани, и  воздвигни мя во время подобно на Твое славословие. Яко препрославлен еси  со Безначальным Твоим Отцем и с Пресвятым Духом во веки. Аминь.<br />
<p>&nbsp;</p>
<b>Молитва 3- я, ко Пресвятому Духу</b><br />
Господи, Царю Небесный, Утешителю, Душе истины, умилосердися и помилуй  мя грешнаго раба Твоего, и отпусти ми недостойному, и прости вся, елика  Ти согреших днесь яко человек, паче же и не яко человек, но и горее  скота, вольныя моя грехи и невольныя, ведомыя и неведомыя: яже от юности  и науки злы, и яже суть от нагльства и уныния. Аще именем Твоим кляхся,  или похулих е в помышлении моем; или кого укорих; или оклеветах кого  гневом моим, или опечалих, или о чем прогневахся; или солгах, или  безгодно спах, или нищ прииде ко мне, и презрех его; или брата моего  опечалих, или свадих, или кого осудих; или развеличахся, или  разгордехся, или разгневахся; или стоящу ми на молитве, ум мой о  лукавствии мира сего подвижеся, или развращение помыслих; или объядохся,  или опихся, или без ума смеяхся; или лукавое помыслих, или доброту  чуждую видев, и тою уязвлен бых сердцем; или неподобная глаголах, или  греху брата моего посмеяхся, моя же суть безчисленная согрешения; или о  молитве не радих, или ино что содеях лукавое, не помню, та бо вся и  больша сих содеях. Помилуй мя, Творче мой Владыко, унылаго и  недостойнаго раба Твоего, и остави ми, и отпусти, и прости мя, яко Благ и  Человеколюбец, да с миром лягу, усну и почию, блудный, грешный и  окаянный аз, и поклонюся, и воспою, и прославлю пречестное имя Твое, со  Отцем, и Единородным Его Сыном, ныне и присно и во веки. Аминь.
<p>&nbsp;</p>
<b>Молитва 4-я, святого Макария Великого</b><br />
Что Ти принесу, или что Ти воздам, великодаровитый Безсмертный Царю,  щедре и человеколюбче Господи, яко ленящася мене на Твое угождение, и  ничтоже благо сотворша, привел еси на конец мимошедшаго дне сего,  обращение и спасение души моей строя? Милостив ми буди грешному и  обнаженному всякаго дела блага, возстави падшую мою душу, осквернившуюся  в безмерных согрешениих, и отыми от мене весь помысл лукавый видимаго  сего жития. Прости моя согрешения, едине Безгрешне, яже Ти согреших в  сей день, ведением и неведением, словом, и делом, и помышлением, и всеми  моими чувствы. Ты Сам, покрывая, сохрани мя от всякаго сопротивнаго  обстояния Божественною Твоею властию, и неизреченным человеколюбием, и  силою. Очисти, Боже, очисти множество грехов моих. Благоволи, Господи,  избавити мя от сети лукаваго, и спаси страстную мою душу, и осени мя  светом лица Твоего, егда приидеши во славе, и неосужденна ныне сном  уснути сотвори, и без мечтания, и несмущен помысл раба Твоего соблюди, и  всю сатанину детель отжени от мене, и просвети ми разумныя очи  сердечныя, да не усну в смерть. И посли ми Ангела мирна, хранителя и  наставника души и телу моему, да избавит мя от враг моих; да востав со  одра моего, принесу Ти благодарственныя мольбы. Ей, Господи, услыши мя  грешнаго и убогаго раба Твоего, изволением и совестию; даруй ми воставшу  словесем Твоим поучитися, и уныние бесовское далече от мене отгнано  быти сотвори Твоими Ангелы; да благословлю имя Твое святое, и прославлю,  и славлю Пречистую Богородицу Марию, Юже дал еси нам грешным  заступление, и приими Сию молящуюся за ны; вем бо, яко подражает Твое  человеколюбие, и молящися не престает. Тоя заступлением, и Честнаго  Креста знамением, и всех святых Твоих ради, убогую душу мою соблюди,  Иисусе Христе Боже наш, яко Свят еси, и препрославлен во веки. Аминь.
<p>&nbsp;</p>
<b>Молитва 5-я</b><br />
Господи Боже наш, еже согреших во дни сем словом, делом и помышлением,  яко Благ и Человеколюбец прости ми. Мирен сон и безмятежен даруй ми.  Ангела Твоего хранителя посли, покрывающа и соблюдающа мя от всякаго  зла, яко Ты еси хранитель душам и телесем нашим, и Тебе славу возсылаем,  Отцу и Сыну и Святому Духу, ныне и присно и во веки веков. Аминь.
<p>&nbsp;</p>
<b>Молитва 6-я</b><br />
Господи Боже наш, в Негоже веровахом, и Егоже имя паче всякаго имене  призываем, даждь нам, ко сну отходящим, ослабу души и телу, и соблюди  нас от всякаго мечтания, и темныя сласти кроме; устави стремление  страстей, угаси разжжения востания телеснаго. Даждь нам целомудренно  пожити делы и словесы; да добродетельное жительство восприемлюще,  обетованных не отпадем благих Твоих, яко благословен еси во веки. Аминь.
<p>&nbsp;</p>
<b>Молитва 7-я, святого Иоанна Златоуста <br />
(24 молитвы, по числу часов дня и ночи)</b><br />
Господи, не лиши мене небесных Твоих благ.<br />
Господи, избави мя вечных мук.<br />
Господи, умом ли или помышлением, словом или делом согреших, прости мя.<br />
Господи, избави мя всякаго неведения и забвения, и малодушия, и окамененнаго нечувствия.<br />
Господи, избави мя от всякаго искушения.<br />
Господи, просвети мое сердце, еже помрачи лукавое похотение.<br />
Господи, аз яко человек согреших, Ты же яко Бог щедр, помилуй мя, видя немощь души моея.<br />
Господи, посли благодать Твою в помощь мне, да прославлю имя Твое святое.<br />
Господи Иисусе Христе, напиши мя раба Твоего в книзе животней и даруй ми конец благий.<br />
Господи, Боже мой, аще и ничтоже благо сотворих пред Тобою, но даждь ми по благодати Твоей положити начало благое.<br />
Господи, окропи в сердце моем росу благодати Твоея.<br />
Господи небесе и земли, помяни мя грешнаго раба Твоего, студнаго и нечистаго, во Царствии Твоем. Аминь.<br />
Господи, в покаянии приими мя.<br />
Господи, не остави мене.<br />
Господи, не введи мене в напасть.<br />
Господи, даждь ми мысль благу.<br />
Господи, даждь ми слезы и память смертную, и умиление.<br />
Господи, даждь ми помысл исповедания грехов моих.<br />
Господи, даждь ми смирение, целомудрие и послушание.<br />
Господи, даждь ми терпение, великодушие и кротость.<br />
Господи, всели в мя корень благих, страх Твой в сердце мое.<br />
Господи, сподоби мя любити Тя от всея души моея и помышления и творити во всем волю Твою.<br />
Господи, покрый мя от человек некоторых, и бесов, и страстей, и от всякия иныя неподобныя вещи.<br />
Господи, веси, яко твориши, якоже Ты волиши, да будет воля Твоя и во мне грешнем, яко благословен еси во веки. Аминь.
<p>&nbsp;</p>
<b>Молитва 8-я, ко Господу нашему Иисусу Христу</b><br />
Господи Иисусе Христе, Сыне Божий, ради честнейшия Матере Твоея, и  безплотных Твоих Ангел, Пророка же и Предтечи и Крестителя Твоего,  богоглаголивых же апостол, светлых и добропобедных мученик, преподобных и  богоносных отец, и всех святых молитвами, избави мя настоящаго  обстояния бесовскаго. Ей, Господи мой и Творче, не хотяй смерти  грешнаго, но якоже обратитися и живу быти ему, даждь и мне обращение  окаянному и недостойному; изми мя от уст пагубнаго змия, зияющаго  пожрети мя и свести во ад жива. Ей, Господи мой, утешение мое, Иже мене  ради окаяннаго в тленную плоть оболкийся, исторгни мя от окаянства, и  утешение подаждь души моей окаянней. Всади в сердце мое творити Твоя  повеления, и оставити лукавая деяния, и получити блаженства Твоя: на Тя  бо, Господи, уповах, спаси мя.
<p>&nbsp;</p>
<b>Молитва 9-я, ко Пресвятой Богородице, Петра Студийского</b><br />
К Тебе Пречистей Божией Матери аз окаянный припадая молюся: веси,  Царице, яко безпрестани согрешаю и прогневляю Сына Твоего и Бога моего, и  многажды аще каюся, лож пред Богом обретаюся, и каюся трепеща: неужели  Господь поразит мя, и по часе паки таяжде творю; ведущи сия, Владычице  моя Госпоже Богородице, молю, да помилуеши, да укрепиши, и благая  творити да подаси ми. Веси бо, Владычице моя Богородице, яко отнюд имам в  ненависти злая моя дела, и всею мыслию люблю закон Бога моего; но не  вем, Госпоже Пречистая, откуду яже ненавижду, та и люблю, а благая  преступаю. Не попущай, Пречистая, воли моей совершатися, не угодна бо  есть, но да будет воля Сына Твоего и Бога моего: да мя спасет, и  вразумит, и подаст благодать Святаго Духа, да бых аз отселе престал  сквернодейства, и прочее пожил бых в повелении Сына Твоего, Емуже  подобает всякая слава, честь и держава, со Безначальным Его Отцем, и  Пресвятым и Благим и Животворящим Его Духом, ныне и присно, и во веки  веков. Aминь.
<p>&nbsp;</p>
<b>Молитва 10-я, ко Пресвятой Богородиц</b>е<br />
Благаго Царя благая Мати, Пречистая и Благословенная Богородице Марие,  милость Сына Твоего и Бога нашего излей на страстную мою душу и Твоими  молитвами настави мя на деяния благая, да прочее время живота моего без  порока прейду и Тобою рай да обрящу, Богородице Дево, едина Чистая и  Благословенная.
<p>&nbsp;</p>
<b>Молитва 11-я, ко святому Ангелу хранителю</b><br />
Ангеле Христов, хранителю мой святый и покровителю души и тела моего,  вся ми прости, елика согреших во днешний день, и от всякаго лукавствия  противнаго ми врага избави мя, да ни в коемже гресе прогневаю Бога  моего; но моли за мя грешнаго и недостойнаго раба, яко да достойна мя  покажеши благости и милости Всесвятыя Троицы и Матере Господа моего  Иисуса Христа и всех святых. Аминь.
<p>&nbsp;</p>
<b>Кондак Богородице</b><br />
Взбранной Воеводе победительная, яко избавльшеся от злых,  благодарственная восписуем Ти раби Твои, Богородице, но яко имущая  державу непобедимую, от всяких нас бед свободи, да зовем Ти; радуйся,  Невесто Неневестная.<br />
Преславная Приснодево, Мати Христа Бога, принеси нашу молитву Сыну Твоему и Богу нашему, да спасет Тобою души наша.<br />
Все упование мое на Тя возлагаю, Мати Божия, сохрани мя под кровом Твоим.<br />
Богородице Дево, не презри мене, грешнаго, требующа Твоея помощи и Твоего заступления, на Тя бо упова душа моя, и помилуй мя.
<p>&nbsp;</p>
<b>Молитва святого Иоанникия</b><br />
Упование мое Отец, прибежище мое Сын, покров мой Дух Святый: Троице Святая, слава Тебе.<br />
Достойно есть яко воистинну блажити Тя, Богородицу, Присноблаженную и  Пренепорочную и Матерь Бога нашего. Честнейшую Херувим и славнейшую без  сравнения Серафим, без истления Бога Слова рождшую, сущую Богородицу Тя  величаем.<br />
Слава Отцу и Сыну и Святому Духу, и ныне и присно и во веки веков. Аминь.<br />
Господи, помилуй. <i>(Трижды)</i><br />
Господи Иисусе Христе, Сыне Божий, молитв ради Пречистыя Твоея Матере,  преподобных и богоносных отец наших и всех святых, помилуй нас. Аминь.
<p>&nbsp;</p>
<b>Молитва святого Иоанна Дамаскина</b><br />
Владыко Человеколюбче, неужели мне одр сей гроб будет, или еще окаянную  мою душу просветиши днем? Се ми гроб предлежит, се ми смерть предстоит.  Суда Твоего, Господи, боюся и муки безконечныя, злое же творя не  престаю: Тебе Господа Бога моего всегда прогневляю, и Пречистую Твою  Матерь, и вся Небесныя силы, и святаго Ангела хранителя моего. Вем убо,  Господи, яко недостоин есмь человеколюбия Твоего, но достоин есмь  всякаго осуждения и муки. Но, Господи, или хощу, или не хощу, спаси мя.  Аще бо праведника спасеши, ничтоже велие; и аще чистаго помилуеши,  ничтоже дивно: достойни бо суть милости Твоея. Но на мне грешнем удиви  милость Твою: о сем яви человеколюбие Твое, да не одолеет моя злоба  Твоей неизглаголанней благости и милосердию: и якоже хощеши, устрой о  мне вещь.<br />
Просвети очи мои, Христе Боже, да не когда усну в смерть, да не когда речет враг мой: укрепихся на него.<br />
Слава: Заступник души моея буди, Боже, яко посреде хожду сетей многих; избави мя от них и спаси мя, Блаже, яко Человеколюбец. <br />
И ныне: Преславную Божию Матерь, и святых Ангел Святейшую, немолчно  воспоим сердцем и усты, Богородицу сию исповедающе, яко воистинну  рождшую нам Бога воплощенна, и молящуюся непрестанно о душах наших.
<p>&nbsp;</p>
<i>Знаменуй себя крестом и говори молитву Честному Кресту:</i><br />
Да воскреснет Бог, и расточатся врази Его, и да бежат от лица Его  ненавидящии Его. Яко исчезает дым, да исчезнут; яко тает воск от лица  огня, тако да погибнут беси от лица любящих Бога и знаменующихся  крестным знамением, и в веселии глаголющих: радуйся, Пречестный и  Животворящий Кресте Господень, прогоняяй бесы силою на тебе пропятаго  Господа нашего Иисуса Христа, во ад сшедшаго и поправшего силу диаволю, и  даровавшаго нам тебе Крест Свой Честный на прогнание всякаго супостата.  О, Пречестный и Животворящий Кресте Господень! Помогай ми со Святою  Госпожею Девою Богородицею и со всеми святыми во веки. Аминь.
<p>&nbsp;</p>
<i>Или кратко:</i><br />
Огради мя, Господи, силою Честнаго и Животворящаго Твоего Креста, и сохрани мя от всякаго зла.
<p>&nbsp;</p>
<b>Молитва</b><br />
Ослаби, остави, прости, Боже, прегрешения наша, вольная и невольная, яже  в слове и в деле, яже в ведении и не в ведении, яже во дни и в нощи,  яже во уме и в помышлении: вся нам прости, яко Благ и Человеколюбец.
<p>&nbsp;</p>
<b>Молитва</b><br />
Ненавидящих и обидящих нас прости, Господи Человеколюбче. Благотворящим  благосотвори. Братиям и сродником нашим даруй яже ко спасению прошения и  жизнь вечную. В немощех сущия посети и исцеление даруй. Иже на мори  управи. Путешествующим спутешествуй. Православным христианом  споборствуй. Служащим и милующим нас грехов оставление даруй.  Заповедавших нам недостойным молитися о них помилуй по велицей Твоей  милости. Помяни, Господи, прежде усопших отец и братий наших и упокой  их, идеже присещает свет лица Твоего. Помяни, Господи, братий наших  плененных и избави я от всякаго обстояния. Помяни, Господи, плодоносящих  и доброделающих во святых Твоих церквах, и даждь им яже ко спасению  прошения и жизнь вечную. Помяни, Господи, и нас, смиренных и грешных и  недостойных раб Твоих, и просвети наш ум светом разума Твоего, и настави  нас на стезю заповедей Твоих, молитвами Пречистыя Владычицы нашея  Богородицы и Приснодевы Марии и всех Твоих святых: яко благословен еси  во веки веков. Аминь.
<p>&nbsp;</p>
<b>Исповедание грехов повседневное</b><br />
Исповедаю Тебе Господу Богу моему и Творцу, во Святей Троице Единому,  славимому и покланяемому, Отцу и Сыну и Святому Духу, вся моя грехи, яже  содеях во вся дни живота моего, и на всякий час, и в настоящее время, и  в прешедшия дни и нощи, делом, словом, помышлением, объядением,  пиянством, тайноядением, празднословием, унынием, леностию,  прекословием, непослушанием, оклеветанием, осуждением, небрежением,  самолюбием, многостяжанием, хищением, неправдоглаголанием,  скверноприбытчеством, мшелоимством, ревнованием, завистию, гневом,  памятозлобием, ненавистию, лихоимством и всеми моими чувствы: зрением,  слухом, обонянием, вкусом, осязанием и прочими моими грехи, душевными  вкупе и телесными, имиже Тебе Бога моего и Творца прогневах, и ближняго  моего онеправдовах: о сих жалея, винна себе Тебе Богу моему представляю,  и имею волю каятися: точию, Господи Боже мой, помози ми, со слезами  смиренно молю Тя: прешедшая же согрешения моя милосердием Твоим прости  ми, и разреши от всех сих, яже изглаголах пред Тобою, яко Благ и  Человеколюбец.<br />
<p>&nbsp;</p>
<i>Когда отходишь ко сну, произноси:</i><br />
В руце Твои, Господи Иисусе Христе, Боже мой, предаю дух мой: Ты же мя  благослови, Ты мя помилуй и живот вечный даруй ми. Аминь.  <br />
<br />"
"Молитва Пресвятой Богородице в честь Ее иконы ""Казанская""","<h2>Тропарь, глас 4-й:</h2>
<p>Заступнице усердная, Мати Господа Вышняго! За всех молиши Сына Твоего, Христа Бога нашего, и всем твориши спастися, в державный Твой покров прибегающим. Всех нас заступи, о. Госпоже, Царице и Владычице, иже в напастех и в скорбех и в болезнех, обремененных грехи многими, предстоящих и молящихся Тебе умиленною душею и сокрушенным сердцем пред Пречистым Твоим образом со слезами, и невозвратно надежду имущих на Тя избавления всех зол. Всем полезная даруй и вся спаси, Богородице Дево: Ты бо еси Божественный покров рабом Твоим.</p>

<h2>Кондак, глас 8-й:</h2>
<p>Притецем, людие, к тихому сему и доброму пристанищу, скорой Помощнице, готовому и теплому спасению, покрову Девы; ускорим на молитву и потщимся на покаяние: источает бо нам неоскудныя милости Пречистая Богородица, предваряет на помощь и избавляет от великих бед и зол благонравныя и богобоящияся рабы Своя. Молитва: О Пречистая Владычице Богородице, Царице небеси и земли, вышшая ангел и архангел и всея твари честнейшая, чистая Дево Марие, миру благая помощнице и всем людем утверждение и во всяких нуждах избавление! Призри и ныне, Госпоже Всемилостивая, на рабы Твоя, Тебе умиленною душею и сокрушенным сердцем молящияся, со слезами к Тебе припадающия пречистому и цельбоносному образу Твоему, и помощи и заступления Твоего просящия. О Всемилостивая и Премилосердая Дево Богородице чтимая! Воззри, Госпоже, на люди Твоя: мы бо, грешнии, не имамы иныя помощи, разве Тебе и от Тебя рождшагося Христа Бога нашего. Ты еси заступница и предстательница наша, Ты еси обидимым защищение. Скорбящим радование, сирым прибежище, вдовам хранительница, девам слава, плачущим веселие, больным посещение, немощным исцеление, грешным спасение. Сего ради, о Богомати, к Тебе прибегаем и на Твой пречистый образ с Превечным, на руку Твоею держимым, Младенцем, Господем нашим Иисусом Христом взирающе, умиленное пение Тебе приносим и вопием: помилуй нас, Мати Божия, и прошение наше исполни, вся бо суть возможна ходатайству Твоему: яко Тебе слава подобает ныне и присно и во веки веков. Аминь.</p>"
"Молитва при бракосочетании","<p>Господи Боже наш, во спаси&#769;тельном Твоем смотре&#769;нии сподо&#769;бивый в Ка&#769;не Галиле&#769;йстей честны&#769;й показа&#769;ти брак Твоим пришествием, Сам ныне рабы Твоя (<strong>имена</strong>) яже благоволил еси сочета&#769;тися друг другу, в мире и единомыслии сохрани; честны&#769;й их брак покажи, нескве&#769;рное их ло&#769;же соблюди, непорочное их сожи&#769;тельство пребыва&#769;ти благослови и сподо&#769;би я к старости масти&#769;тей дости&#769;гнути, чистым сердцем де&#769;лающе заповеди Твоя. Ты бо еси Бог наш, Бог е&#769;же ми&#769;ловати и спаса&#769;ти, и Тебе славу воссылаем, со Безначальным Твоим Отце&#769;м, Всесвяты&#769;м и Благи&#769;м и Животворя&#769;щим Твоим Духом, ны&#769;не и при&#769;сно и во веки веков. Аминь.</p>"
"Молитва Оптинских старцев на начало дня","<p>Господи, дай мне с душевным спокойствием встретить все, что принесет мне наступающий день. Дай мне всецело предаться воле Твоей святой. На всякий час сего дня во всем наставь и поддержи меня. Какие бы я ни получал известия в течение дня, научи меня принять их со спокойной душою и твердым убеждением, что на все святая воля Твоя. Во всех словах и делах моих руководи моими мыслями и чувствами. Во всех непредвиденных случаях не дай мне забыть, что все ниспослано Тобою. Научи меня прямо и разумно действовать с каждым членом семьи моей, никого не смущая и не огорчая. Господи, дай мне силу перенести утомление наступающего дня и все события в течение дня. Руководи моею волею и научи меня молиться, верить, надеяться, терпеть, прощать и любить. Аминь.</p>"
"Молитвы матери о своих детях","<p><strong>Господи Иису&#769;се Христе, Сы&#769;не Божий, благослови&#769;, освяти&#769;, сохрани&#769; ча&#769;до мое&#769; си&#769;лою Животворя&#769;щаго Креста&#769; Твоего&#769;. Ами&#769;нь.</strong><br />
(И наложить на чадо крестное знамение.)</p>
<p>&nbsp;</p>
<h3>Молитва матери о своих детях</h3>
<p><strong>(составлена преподобным Амвросием Оптинским)</strong></p>
<p>Бо&#769;же! Созда&#769;тель все&#769;х тва&#769;рей, прилага&#769;я ми&#769;лость к ми&#769;лости, Ты&#769; соде&#769;лал меня&#769; досто&#769;йной бы&#769;ть ма&#769;терью семе&#769;йства; благода&#769;ть Твоя&#769; дарова&#769;ла мне&#769; дете&#769;й, и я дерза&#769;ю сказа&#769;ть: они&#769; Твои&#769; де&#769;ти! Потому&#769; что&#769; Ты&#769; дарова&#769;л и&#769;м бытие&#769;, оживотвори&#769;л их душо&#769;ю бессме&#769;ртною, возроди&#769;л и&#769;х креще&#769;нием для жи&#769;зни, сообра&#769;зной с Твое&#769;й во&#769;лей, усынови&#769;л и&#769;х и при&#769;нял в не&#769;дра Це&#769;ркви Свое&#769;й.</p>
<p>&nbsp;</p>
<p>* * *</p>
<p>Господи! Сохрани их в благодатном состоянии до конца жизни; сподоби их быть причастниками таинств Твоего Завета; освящай Твоею истиною; да святится в них и через них святое имя Твое! Ниспошли мне Твою благодатную помощь в их воспитании для славы имени Твоего и пользы ближняго! Подаждь мне для сей цели способы, терпение и силы! Научи меня насадить в их сердце корень истинной мудрости &mdash; страх Твой! Озари их светом управляющей вселенною Твоей мудрости! Да возлюбят Тебя всею душою и помышлением своим; да прилепятся к Тебе всем сердцем и во всю жизнь свою да трепещут слов Твоих! Даруй мне разум убедить их, что истинная жизнь состоит в соблюдении заповедей Твоих; что труд, укрепляемый благочестием, доставляет в сей жизни безмятежное довольствие, а в вечности &mdash; неизреченное блаженство. Открой им разумение Твоего Закона! Да до конца дней своих содействуют в чувстве вездеприсутствия Твоего; насади в их сердце страх и отвращение от всякого беззакония: да будут непорочными в путях своих; да памятуют всегда, что Ты, Всеблагий Боже, ревнитель закона и правды Твоей! Соблюди их в целомудрии и благоговении к имени Твоему! Да не порочат Церкви Твоей своим поведением, но да живут по ее предписаниям. Одушиви их охотою к полезному учению и соделай способными на всякое доброе дело! Да приобретут истинное понятие о тех предметах, коих сведения необходимы в их состоянии; да просветятся познаниями благодетельными для человечества.</p>
<p>&nbsp;</p>
<p>* * *</p>
<p>Господи! Умудри меня напечатлеть неизгладимыми чертами в уме и сердце детей моих опасение содружеств с не знающими страха Твоего, внушить им всемерное удаление от всякого союза с беззаконными; да не внимают они гнилым беседам; да не слушают людей легкомысленных; да не совратят их с пути Твоего дурные примеры; да не соблазнятся они тем, что иногда путь беззаконных благоуспешен в сем мире.</p>
<p>&nbsp;</p>
<p>* * *</p>
<p>Отче Небесный! Даруй мне благодать всемерно беречься подавать детям моим соблазн моими поступками, но, постоянно имея в виду их поведение, отвлекать их от заблуждений, исправлять их погрешности, обуздывать упорство и строптивость их, воздерживать от стремления к суете и легкомыслию да не увлекаются они безумными помыслами; да не ходят вслед сердца своего; да не забудут Тебя и Закона Твоего. Да не погубит беззаконие ума и здоровья их, да не расслабят грехи душевных и телесных сил их. Судия Праведный, наказывающий детей за грехи родителей до третьего и четвертого рода, отврати такую кару от детей моих, не наказывай их за грехи мои, но окропи их росою благодати Твоей; да преуспевают в добродетели и святости; да возрастают в благоволении Твоем и в любви людей благочестивых.</p>
<p>&nbsp;</p>
<p>* * *</p>
<p>Отче щедрот и всякого милосердия! По чувству родительскому я желала бы детям своим всякого обилия благ земных, желала бы им благословения от росы небесной и от тука земного, но да будет с ними святая воля Твоя! Устрой судьбу их по Твоему благоволению, не лиши их в жизни насущного хлеба, ниспосылай им все необходимое во времени для приобретения блаженной вечности; будь милостив к ним, когда согрешат перед Тобою; не вменяй им грехов юности и неведения их; приведи в сокрушение их сердца, когда будут противиться руководству благости Твоей; карай их и милуй, направляя на путь, благоугодный Тебе, но не отвергай их от лица Твоего! Принимай с благоволением молитвы их; даруй им успех во всяком добром деле; не отврати лица Твоего от них во дни скорби их, да не постигнут их искушения выше сил их. Осеняй их Твоею милостью; да ходит Ангел Твой с ними и сохранит их от всякого несчастия и злого пути.</p>
<p>&nbsp;</p>
<p>* * *</p>
<p>Всеблагий Боже! Соделай меня матерью, веселящеюся о детях своих, да будут они отрадою моею в дни жизни моей и опорою мне в старости моей. Удостой меня, с упованием на Твое милосердие, предстать с ними на Страшном суде Твоем и с недостойным дерзновением сказать: Вот я и дети мои, которых Ты дал мне, Господи! Да совокупно с ними, прославляя неизреченную благость и вечную любовь Твою, превозношу пресвятое имя Твое, Отче, Сыне и Душе Святый, во веки веков. Аминь.</p>"
"Молитва о мире на Украине","<i>(данная молитва за Украину читается по благословению Святейшего Патриарха во всех храмах Русской Православной Церкви).</i>

<p>Всевышний Боже, Владыко и Содетелю всея твари, наполняяй вся величеством Твоим и содержаяй силою Твею.</p>

<p>К Тебе Великодаровитому Господу нашему припадаем, сердцем сокрушенным и усердною молитвою о стране Украинстей, распрями и нестроениями раздираемей.</p>

<p>Премилосердый и Всесильный, не до конца гневайся, Господи! Буди милостив нам, молит Тя Твоя Церковь, представляющи Тебе начальника и совершителя спасения нашего Иисуса Христа. Укрепи силою Твоею верныя люди в стране Украинстей, заблуждающим же просвети разумныя очи светом Твоим божественным, да уразумеют Твою истину, умягчи их ожесточение, утоли вражды и нестроения на страну и мирныя люди ея воздвизаемая, да все познают Тебе, Господа и Спасителя нашего. Не отврати лица Твоего от нас, Господи, воздаждь нам радость спасения Твоего. Помяни милости, яже показал еси отцем нашим, преложи гнев Твой на милосердие и даждь помощь Твою народу украинскому, в скорби сущему.</p>

<p>Молит Тя Церковь Русская, представляющи Тебе ходатайство всех святых в ней просиявших, изряднее же Пресвятыя Богородицы и Приснодевы Марии, от лет древних покрывающия и заступающия страны наша. Возгрей сердца наша теплотою благодати Твоея, утверди волю нашу в воли Твоей, да якоже древле, тако и ныне прославится всесвятое имя Твое, Отца и Сына и Святаго Духа, во веки веков.</p>

<p>Аминь.</p>"
"Молитва водителя","<p>Бо&#769;же, Всеблаги&#769;й и Всеми&#769;лостивый, все&#769;х сохраня&#769;яй Свое&#769;ю ми&#769;лостию и человеколю&#769;бием, смире&#769;нно молю&#769; Тя&#769;, предста&#769;тельством Богоро&#769;дицы и все&#769;х святы&#769;х, сохрани&#769; от внеза&#769;пной сме&#769;рти и вся&#769;кой напа&#769;сти мене&#769;, гре&#769;шнаго, и вве&#769;ренных мне&#769; челове&#769;к и помози&#769; невреди&#769;мых доставля&#769;ть ка&#769;ждого по его&#769; потре&#769;бе.</p>
<p>Бо&#769;же Ми&#769;лостивый! Изба&#769;ви мене&#769; от зла&#769;го духа лиха&#769;чества, нечи&#769;стой си&#769;лы пиа&#769;нства, вызыва&#769;ющих несча&#769;стия и внеза&#769;пную сме&#769;рть без покая&#769;ния.</p>
<p>Спаси&#769; мене&#769;, Го&#769;споди, с чи&#769;стой со&#769;вестию дожи&#769;ть до глубо&#769;кой ста&#769;рости без бре&#769;мени уби&#769;тых и искале&#769;ченных по моему&#769; нераде&#769;нию люде&#769;й, и да просла&#769;вится и&#769;мя Твое&#769; Свято&#769;е, ны&#769;не и при&#769;сно, и во ве&#769;ки веко&#769;в. Ами&#769;нь.</p>"
"90-й псалом (Живый в помощи Вышняго)","<p class=""p1"">Живы̀й в по̀мощи Вы̀шняго, в кро̀ве Бо̀га Небѐснаго водворѝтся.&nbsp;Речѐт Го̀сподеви: Засту̀пник мой есѝ и Прибѐжище моѐ, Бог мой, и упова̀ю на Него̀.&nbsp;Яко Той изба̀вит тя от сѐти ло̀вчи, и от словесѐ мятѐжна,&nbsp;плещма ̀ Своѝма осенѝт тя, и под крилѐ Его надѐешися: ору̀жием обы̀дет тя ѝстина Его.&nbsp;Не убоѝшися от стра̀ха нощна̀го, от стрелы̀ летя̀щия во дни,&nbsp;от вѐщи во тме преходя̀щия, от сря̀ща, и бѐса полу̀деннаго.&nbsp;Падѐт от страны̀ твоея̀ ты̀сяща, и тма одесну̀ю тебѐ,&nbsp;к тебѐ же не приблѝжится, оба̀че очѝма твоѝма смо̀триши, и воздая̀ние грѐшников у̀зриши.&nbsp;Яко Ты Го̀споди, упова̀ние моѐ, Вы̀шняго положѝл есѝ прибѐжище твоѐ.&nbsp;Не приѝдет к тебѐ зло, и ра̀на не приблѝжится телесѝ твоему̀,&nbsp;я̀ко Ангелом Своѝм заповѐсть о тебѐ, сохранѝти тя во всех путѐх твоѝх.&nbsp;На рука̀х во̀змут тя, да не когда̀ преткнѐши о ка̀мень но̀гу твою̀, на а̀спида и василѝска насту̀пиши,&nbsp;и поперѐши льва и змѝя.&nbsp;Яко на Мя упова̀, и изба̀влю ѝ: покры̀ю ѝ, я̀ко позна̀ ѝмя Моѐ.&nbsp;Воззовѐт ко Мне, и услы̀шу его: с ним есмь в ско̀рби, изму̀ его и просла̀влю его,&nbsp;долгото̀ю дней испо̀лню его, и явлю̀ ему спасѐние Моѐ.</p>
<p>&nbsp;</p>"
"Богородичное молитвенное правило св. Серафима Саровского","<p>Богоро́дице Де́во, ра́дуйся, Благода́тная Мари́е, Госпо́дь с Тобо́ю; благослове́на Ты́ в жена́х и благослове́н Пло́д чре́ва Твоего́, я́ко Спа́са родила́ еси́ ду́ш на́ших <span style=""color: rgb(114, 114, 114);""><em>(Читается 150 раз подряд)</em></span>.</p>
<p><span style=""color: rgb(114, 114, 114);"">Если по непривычке трудно будет одолеть 150 раз, следует прочитать поначалу 50 раз. После каждого десятка надо читать по одному разу &quot;Отче наш&quot; и &quot;Милосердия двери&quot;.</span></p>
<p><span style=""color: rgb(114, 114, 114);"">Ниже приводится схема, в которую вкладывал свои молитвы Приснодеве Марии владыка Серафим (Звездинский). Исполняя Богородичное правило, он молился за весь мир и охватывал этим правилом всю жизнь Царицы Небесной. В жизни Божией Матери было пятнадцать ступеней, пятнадцать главных моментов, и чтение правила разделено на 15 десятков. На каждом десятке поочередно вспоминаются все главные моменты из жизни Богородицы. Преподобный Серафим Саровский благославлял обойти по канавке вокруг Дивеевской обители и прочитать 150 раз &laquo;Богородице Дево, радуйся&hellip;&raquo; своих духовных чад &ndash; дивеевских &laquo;сирот&raquo; &ndash; благословил исполнять это правило ежедневно. Владыка Серафим Звездинский ежедневно исполнял Богородичное правило, причем, исполняя его, он молился за весь мир и охватывал этим правилом всю жизнь Царицы Небесной. Старец схиархимандрит Захария (Зосима) весьма ценил и любил владыку Серафима и называл его &laquo;святой архиерей&raquo;.</span></p>
<p><b>Первый десяток.</b><br />
<i>Вспоминаем Рождество Пресвятой Богородицы. Молимся о матерях, отцах и детях.<br />
</i>О, Пресвятая Владычице Богородице, спаси и сохрани рабов Твоих&nbsp;<i>(имена родителей и сродников)</i>, а умерших со святыми упокой в вечной славе Твоей.</p>
<p>&nbsp;</p>
<p><b>Второй десяток.</b><br />
<i>Вспоминаем Введение во храм Пресвятой Девы Богородицы. Молимся о заблудших и отпавших от Церкви</i>.<br />
О, пресвятая Владычице Богородице, спаси и сохрани и соедини&nbsp;<i>(или присоедини)</i>&nbsp;к Святой Православной Церкви заблудших и отпавших рабов Твоих&nbsp;<i>(имена).</i></p>
<p>&nbsp;</p>
<p><b>Третий десяток.</b><br />
<i>Вспоминаем Благовещение Пресвятой Богородицы. Молимся об утолении скорбей и утешении скорбящих.<br />
</i>О, Пресвятая Владычице Богородице, утоли наши скорби и пошли утешение скорбящим и болящим рабам Твоим&nbsp;<i>(имена)</i>.</p>
<p>&nbsp;</p>
<p><b>Четвертый десяток.</b><br />
<i>Вспоминаем Встречу Пресвятой Богородицы с праведной Елисаветою. Молимся о соединении разлученных, у кого близкие или дети в разлуке или пропали без вести.<br />
</i>О, Пресвятая Владычице Богородице, соедини в разлуке находящихся рабов Твоих&nbsp;<i>(имена)</i>.</p>
<p>&nbsp;</p>
<p><b>Пятый десяток.</b><br />
<i>Вспоминаем Рождество Христово, молимся о возрождении душ, о новой жизни во Христе.</i><br />
О, Пресвятая Владычице Богородице, даруй мне, во Христа крестившемуся, во Христа облещися.</p>
<p>&nbsp;</p>
<p><b>Шестой десяток.</b><br />
<i>Вспоминаем Сретение Господне, и пророченное святым Симеоном слово: &quot;И Тебе Самой оружие пройдет душу&quot;. Молимся, чтобы Матерь Божия встретила душу в час кончины и сподобила при последнем издыхании причаститься Святых Таин и провела бы душу через страшные мытарства.<br />
</i>О, Пресвятая Владычице Богородице, сподоби меня при последнем издыхании причаститься Святых Таин Христовых и Сама проведи душу чрез страшные мытарства.</p>
<p>&nbsp;</p>
<p><b>Седьмой десяток.</b><br />
<i>Вспоминаем бегство в Египет Божией Матери с Богомладенцем, молимся, чтобы Царица Небесная помогла бы избежать искушений в этой жизни и избавила бы от напастей.<br />
</i>О, Пресвятая Владычице Богородице, не введи меня во искушение в сей жизни и избави меня от всяких напастей.</p>
<p>&nbsp;</p>
<p><b>Восьмой десяток.</b><br />
<i>Вспоминаем исчезновение двенадцатилетнего отрока Иисуса в Иерусалиме и скорбь Божией Матери по поводу этого. Молимся, испрашивая у Богоматери постоянную Иисусову молитву.<br />
</i>О, Пресвятая Владычице Богородице, Пречистая Дево Марие, даруй мне непрестанную Иисусову молитву.</p>
<p>&nbsp;</p>
<p><b>Девятый десяток.</b><br />
<i>Вспоминаем чудо в Кане Галилейской, когда Господь претворил воду в вино по слову Божией Матери: &quot;Вина нет у них&quot;. Просим у Божией Матери помощи в делах и избавлении от нужды.<br />
</i>О, Пресвятая Владычице Богородице, помоги мне во всех делах и избави меня от всяких нужд и печали.</p>
<p>&nbsp;</p>
<p><b>Десятый десяток.</b><br />
<i>Вспоминаем стояние Божией Матери у Креста Господня, когда скорбь, как оружие, пронзила Ее душу. Молимся Божией Матери о подкреплении душевных сил и об отгнании уныния.<br />
</i>О, Пресвятая Владычице Богородице, Преблагословенная Дево Марие, укрепи мои силы душевные и отжени от меня уныние.</p>
<p>&nbsp;</p>
<p><b>Одиннадцатый десяток.</b><br />
<i>Вспоминаем Воскресение Христово и молитвенно просим Божию Матерь воскресить душу и подать новую бодрость к подвигу.<br />
</i>О, Пресвятая Владычице Богородице, воскреси душу мою и даруй мне постоянную готовность к подвигу.</p>
<p>&nbsp;</p>
<p><b>Двенадцатый десяток.</b><br />
<i>Вспоминаем Вознесение Христово, при котором присутствовала Матерь Божия. Молимся и просим Царицу Небесную вознести душу от земных суетных забав и направить на стремление к горнему.<br />
</i>О, Пресвятая Владычице Богородице, избави меня от помышлений суетных и даруй мне ум и сердце, стремящееся ко спасению души.</p>
<p>&nbsp;</p>
<p><b>Тринадцатый десяток.</b><br />
<i>Вспоминаем сионскую горницу и сошествие Святаго Духа на апостолов и Божию Матерь и молимся: &quot;Сердце чисто созижди во мне, Боже, и дух прав обнови во утробе моей. Не отвержи мене от лица Твоего и Духа Твоего Святаго не отыми от мене&quot;.<br />
</i>О, Пресвятая Владычице Богородице, ниспосли и укрепи благодать Святаго Духа в сердце моем.</p>
<p>&nbsp;</p>
<p><b>Четырнадцатый десяток.</b><br />
<i>Вспоминаем Успение Пресвятой Богородицы и просим мирной и безмятежной кончины.<br />
</i>О, Пресвятая Владычице Богородице, даруй мне мирную и безмятежную кончину.</p>
<p>&nbsp;</p>
<p>&nbsp;</p>
<p><b>Пятнадцатый десяток.</b><br />
<i>Вспоминаем славу Божией Матери, которой увенчивается Она от Господа после переселения Её от земли на Небо, и молим Царицу Небесную не оставлять верных, сущих на земле, но защищать их от всякого зла, покрывая их Честным Своим Омофором.<br />
</i>О, Пресвятая Владычице Богородице, сохрани меня от всякаго зла и покрый меня Честным Твоим Омофором.</p>"
"Молитва ежедневная святителя Филарета (Дроздова)","<p>Господи, не знаю, чего мне просить у Тебя. Ты один ведаешь, что мне потребно. Ты любишь меня паче, нежели я умею любить себя. Отче, даждь рабу Твоему, чего я сам просить не умею. <br />
Не дерзаю просить ни креста, ни утешения, только предстою пред Тобою, сердце мое отверсто; Ты зришь нужды, которых я не знаю. Зри и сотвори по милости Твоей; порази и исцели, низложи и подыми меня! <br />
Благоговею и безмолвствую пред Твоею святою волею и непостижимыми для меня Твоими судьбами. Приношу себя в жертву Тебе; научи меня молиться. Сам во мне молись.</p>
<p>&nbsp;</p>"
